-- phpMyAdmin SQL Dump
-- version 3.4.10.1deb1
-- http://www.phpmyadmin.net
--
-- Hoszt: localhost
-- Létrehozás ideje: 2016. ápr. 21. 12:51
-- Szerver verzió: 5.5.40
-- PHP verzió: 5.4.42-1+deb.sury.org~precise+1

SET SQL_MODE="NO_AUTO_VALUE_ON_ZERO";
SET time_zone = "+00:00";


/*!40101 SET @OLD_CHARACTER_SET_CLIENT=@@CHARACTER_SET_CLIENT */;
/*!40101 SET @OLD_CHARACTER_SET_RESULTS=@@CHARACTER_SET_RESULTS */;
/*!40101 SET @OLD_COLLATION_CONNECTION=@@COLLATION_CONNECTION */;
/*!40101 SET NAMES utf8 */;

--
-- Adatbázis: `appdb`
--

-- --------------------------------------------------------

--
-- Tábla szerkezet: `app_alkat_groups`
--

CREATE TABLE IF NOT EXISTS `app_alkat_groups` (
  `id` int(10) NOT NULL AUTO_INCREMENT,
  `alkategoriaid` int(10) NOT NULL,
  `group_id` int(11) NOT NULL,
  PRIMARY KEY (`id`)
) ENGINE=InnoDB  DEFAULT CHARSET=utf8 AUTO_INCREMENT=27 ;

--
-- A tábla adatainak kiíratása `app_alkat_groups`
--

INSERT INTO `app_alkat_groups` (`id`, `alkategoriaid`, `group_id`) VALUES
(2, 2, 5),
(21, 21, 3),
(22, 1, 1),
(23, 1, 3),
(24, 1, 5),
(25, 1, 2),
(26, 1, 4);

-- --------------------------------------------------------

--
-- Tábla szerkezet: `app_glob`
--

CREATE TABLE IF NOT EXISTS `app_glob` (
  `id` tinyint(4) NOT NULL DEFAULT '0',
  `dw_verzio` varchar(10) DEFAULT NULL,
  `do_verzio` varchar(10) DEFAULT NULL,
  `da_verzio` varchar(10) DEFAULT NULL,
  `mail_smtp_server` varchar(50) NOT NULL,
  `mail_from` varchar(60) NOT NULL,
  `gmap_geocode` varchar(255) NOT NULL,
  `gmap_latitude` double(9,6) NOT NULL,
  `gmap_longitude` double(9,6) NOT NULL,
  `gmap_url` tinytext NOT NULL,
  PRIMARY KEY (`id`)
) ENGINE=InnoDB DEFAULT CHARSET=utf8;

--
-- A tábla adatainak kiíratása `app_glob`
--

INSERT INTO `app_glob` (`id`, `dw_verzio`, `do_verzio`, `da_verzio`, `mail_smtp_server`, `mail_from`, `gmap_geocode`, `gmap_latitude`, `gmap_longitude`, `gmap_url`) VALUES
(1, 'dw-1.0', 'dm-1.0', 'da-1.0', 'mail.google.com', 'TIMI<online@timi.hu>', 'Miskolc, Városház tér 8', 48.103318, 20.776305, 'https://maps.google.hu/maps?q=Miskolc,+V%C3%A1rosh%C3%A1z+t%C3%A9r+8&hl=en&ie=UTF8&ll=48.10415,20.777657&spn=0.007437,0.021007&sll=48.10415,20.777657&sspn=0.007437,0.021007&hnear=3525+Miskolc,+V%C3%A1rosh%C3%A1z+t%C3%A9r+8&t=m&z=16');

-- --------------------------------------------------------

--
-- Tábla szerkezet: `app_kods`
--

CREATE TABLE IF NOT EXISTS `app_kods` (
  `id` int(11) NOT NULL AUTO_INCREMENT,
  `kod_tip` int(11) DEFAULT NULL,
  `kod_nev` varchar(150) DEFAULT NULL,
  `kod_num1` int(11) DEFAULT NULL,
  `kod_num2` double DEFAULT NULL,
  `kod_str1` varchar(100) DEFAULT NULL,
  `kod_str2` varchar(255) DEFAULT NULL,
  `kod_str3` tinytext,
  `kod_str4` text,
  PRIMARY KEY (`id`),
  KEY `kod_tip` (`kod_tip`),
  KEY `kod_nev` (`kod_nev`),
  KEY `kod_str1` (`kod_str1`),
  KEY `kod_num1` (`kod_num1`)
) ENGINE=InnoDB  DEFAULT CHARSET=utf8 AUTO_INCREMENT=483 ;

--
-- A tábla adatainak kiíratása `app_kods`
--

INSERT INTO `app_kods` (`id`, `kod_tip`, `kod_nev`, `kod_num1`, `kod_num2`, `kod_str1`, `kod_str2`, `kod_str3`, `kod_str4`) VALUES
(476, 1, 'Városrészek', 0, 0, '', '', '', ''),
(477, 1, 'Elutasítás kategóriák', 0, 0, '', '', '', ''),
(478, 1, 'Státusz kategória', 0, 0, '', '', '', ''),
(479, 478, 'Új ', 0, 0, '', '', '', ''),
(480, 478, 'Státuszkategória2', 0, 0, '', '', '', ''),
(481, 477, 'Elutasít1', 0, 0, '', '', 'Bejelentése a következő okok miatt elutasítva: Elutasit1', '<p> </p>\n<p> </p>'),
(482, 477, 'Elutasít2', 0, 0, '', '', 'Bejelentése a következő okok miatt elutasítva: Elutasit2', '<p>áékljewf ewf jewőofoijew őfewőfoiejwő fwe</p>');

-- --------------------------------------------------------

--
-- Tábla szerkezet: `app_nevjegy`
--

CREATE TABLE IF NOT EXISTS `app_nevjegy` (
  `id` int(10) NOT NULL AUTO_INCREMENT,
  PRIMARY KEY (`id`)
) ENGINE=InnoDB DEFAULT CHARSET=utf8 AUTO_INCREMENT=1 ;

-- --------------------------------------------------------

--
-- Tábla szerkezet: `app_stat_groups`
--

CREATE TABLE IF NOT EXISTS `app_stat_groups` (
  `id` int(10) NOT NULL AUTO_INCREMENT,
  `statusid` int(10) NOT NULL,
  `group_id` int(11) NOT NULL,
  PRIMARY KEY (`id`)
) ENGINE=InnoDB DEFAULT CHARSET=utf8 AUTO_INCREMENT=1 ;

-- --------------------------------------------------------

--
-- Tábla szerkezet: `mob_categories`
--

CREATE TABLE IF NOT EXISTS `mob_categories` (
  `id` int(11) NOT NULL AUTO_INCREMENT,
  `category_id` int(10) NOT NULL,
  `name` varchar(45) COLLATE utf8_hungarian_ci NOT NULL,
  `language` int(11) NOT NULL DEFAULT '1',
  PRIMARY KEY (`id`),
  KEY `category_id` (`category_id`)
) ENGINE=InnoDB  DEFAULT CHARSET=utf8 COLLATE=utf8_hungarian_ci AUTO_INCREMENT=6 ;

--
-- A tábla adatainak kiíratása `mob_categories`
--

INSERT INTO `mob_categories` (`id`, `category_id`, `name`, `language`) VALUES
(1, 14, 'Út, híd, közúti jelzések', 1),
(2, 15, 'Vízfolyások, belvíz', 1),
(3, 16, 'Köztisztaság', 1),
(4, 17, 'Parkfenntartás', 1),
(5, 18, 'Közvilágítás', 1);

-- --------------------------------------------------------

--
-- Tábla szerkezet: `mob_contents`
--

CREATE TABLE IF NOT EXISTS `mob_contents` (
  `content_id` int(11) NOT NULL AUTO_INCREMENT,
  `type` text CHARACTER SET utf8 COLLATE utf8_hungarian_ci NOT NULL,
  `code` longtext CHARACTER SET utf8 COLLATE utf8_hungarian_ci NOT NULL,
  `language` int(11) NOT NULL,
  `page` text COLLATE utf8_unicode_ci NOT NULL,
  `ordernumber` int(11) NOT NULL,
  PRIMARY KEY (`content_id`)
) ENGINE=InnoDB  DEFAULT CHARSET=utf8 COLLATE=utf8_unicode_ci AUTO_INCREMENT=28 ;

--
-- A tábla adatainak kiíratása `mob_contents`
--

INSERT INTO `mob_contents` (`content_id`, `type`, `code`, `language`, `page`, `ordernumber`) VALUES
(1, 'text', 'E-mail cím', 1, 'index', 0),
(2, 'text', 'Jelszó', 1, 'index', 1),
(3, 'text', 'Bejelentkezés', 1, 'index', 2),
(4, 'text', 'Egy város számára is az<br>első benyomás a legfontosabb!', 1, 'index', 3),
(5, 'text', '<face>Facebook</face>regisztráció', 1, 'index', 4),
(6, 'error', 'Nincs ilyen felhasználó!', 1, 'index', 1),
(7, 'error', 'Hibás jelszó!', 1, 'index', 2),
(8, 'text', 'Új bejelentés', 1, 'bottom', 0),
(9, 'text', 'Hibatérkép', 1, 'terkep', 0),
(10, 'text', 'Fénykép készítése', 1, 'bejelentes', 1),
(11, 'text', 'Helyszín', 1, 'bejelentes', 2),
(12, 'text', 'Leírás', 1, 'bejelentes', 3),
(13, 'text', 'Mégsem', 1, 'bejelentes', 4),
(14, 'text', 'Beküldés', 1, 'bejelentes', 5),
(15, 'success', 'Sikeresen bekerült az adatbázisba! Internetkapcsolat esetén hamarosan átkerül a szerverre!', 1, 'bejelentes', 6),
(16, 'error', 'Maximum csak 3 bejelentést lehet az adatbázisba tárolni!', 1, 'bejelentes', 7),
(17, 'text', 'Főoldal', 1, 'menu', 0),
(18, 'text', 'Bejelentések', 1, 'menu', 3),
(19, 'text', 'Hibatérkép', 1, 'menu', 1),
(20, 'text', 'Információ', 1, 'menu', 4),
(21, 'text', 'Áttekintés', 1, 'menu', 2),
(22, 'text', 'Kijelentkezés', 1, 'menu', 5),
(23, 'question', 'Új verzió érhető el a nyelvi csomagból! Szeretné most letölteni?', 1, 'language', 0),
(24, 'success', 'Sikeresen letöltődött a nyelvi csomag!', 1, 'language', 0),
(25, 'error', 'Hiba a letöltés során!', 1, 'language', 0),
(26, 'error', 'Sikertelen bejelentkezés!', 1, 'index', 3),
(27, 'error', 'Hálózati hiba miatt a jelölők nem jelennek meg a térképen!', 1, 'terkep', 0);

-- --------------------------------------------------------

--
-- Tábla szerkezet: `mob_languages`
--

CREATE TABLE IF NOT EXISTS `mob_languages` (
  `language_id` int(11) NOT NULL AUTO_INCREMENT,
  `name` text CHARACTER SET utf8 COLLATE utf8_hungarian_ci NOT NULL,
  `version` int(11) NOT NULL,
  PRIMARY KEY (`language_id`)
) ENGINE=InnoDB  DEFAULT CHARSET=utf8 AUTO_INCREMENT=2 ;

--
-- A tábla adatainak kiíratása `mob_languages`
--

INSERT INTO `mob_languages` (`language_id`, `name`, `version`) VALUES
(1, 'magyar', 23);

-- --------------------------------------------------------

--
-- Tábla szerkezet: `mob_owners`
--

CREATE TABLE IF NOT EXISTS `mob_owners` (
  `id` int(10) unsigned NOT NULL AUTO_INCREMENT,
  `facebook_id` varchar(20) COLLATE utf8_hungarian_ci DEFAULT NULL,
  `name` varchar(45) COLLATE utf8_hungarian_ci DEFAULT NULL,
  `username` varchar(20) COLLATE utf8_hungarian_ci DEFAULT NULL,
  `email` varchar(45) COLLATE utf8_hungarian_ci DEFAULT NULL,
  `password` varchar(32) COLLATE utf8_hungarian_ci DEFAULT NULL,
  PRIMARY KEY (`id`),
  UNIQUE KEY `email` (`email`),
  KEY `fbid` (`facebook_id`)
) ENGINE=InnoDB  DEFAULT CHARSET=utf8 COLLATE=utf8_hungarian_ci AUTO_INCREMENT=82 ;

--
-- A tábla adatainak kiíratása `mob_owners`
--

INSERT INTO `mob_owners` (`id`, `facebook_id`, `name`, `username`, `email`, `password`) VALUES
(80, NULL, 'Ember László', 'ember', 'teve@a.hu', 'ad10c1c1025283f30e45f244f6fa7d02'),
(81, NULL, 'Ember Gábor', 'embergabor', 'embergabor@gmail.com', 'd9937775cc729ee85cdcc70da7dad6b1');

-- --------------------------------------------------------

--
-- Tábla szerkezet: `mob_pictures`
--

CREATE TABLE IF NOT EXISTS `mob_pictures` (
  `picture_id` int(10) unsigned NOT NULL AUTO_INCREMENT,
  `ticket_id` int(10) unsigned DEFAULT NULL,
  `title` varchar(45) COLLATE utf8_hungarian_ci NOT NULL,
  `filename` varchar(45) COLLATE utf8_hungarian_ci NOT NULL,
  PRIMARY KEY (`picture_id`),
  KEY `ticketid` (`ticket_id`)
) ENGINE=InnoDB  DEFAULT CHARSET=utf8 COLLATE=utf8_hungarian_ci AUTO_INCREMENT=1132 ;

--
-- A tábla adatainak kiíratása `mob_pictures`
--

INSERT INTO `mob_pictures` (`picture_id`, `ticket_id`, `title`, `filename`) VALUES
(575, 533, 'Android-2014-11-25-19-10-33', 'photos/img20141125191033.jpg'),
(576, 534, 'Android-2014-11-25-19-13-17', 'photos/img20141125191317.jpg'),
(577, 535, 'Android-2014-11-25-19-13-36', 'photos/img20141125191336.jpg'),
(578, 536, 'Android-2014-11-25-19-14-12', 'photos/img20141125191412.jpg'),
(579, 537, 'Android-2014-11-25-19-16-43', 'photos/nincs_kep_feltoltve.jpg'),
(580, 538, 'Android-2014-11-25-19-17-18', 'photos/img20141125191718.jpg'),
(581, 539, 'Android-2014-11-25-19-17-48', 'photos/img20141125191748.jpg'),
(582, 540, 'Android-2014-11-25-19-18-34', 'photos/nincs_kep_feltoltve.jpg'),
(583, 541, 'Android-2014-11-25-19-20-12', 'photos/img20141125192012.jpg'),
(584, 542, 'Android-2014-11-25-19-22-13', 'photos/img20141125192213.jpg'),
(585, 543, 'Android-2014-11-25-19-27-27', 'photos/img20141125192727.jpg'),
(586, 544, 'iPhone-2014-11-25-19-57-19', 'photos/img20141125195719.jpg'),
(587, 545, 'Android-2014-11-25-20-18-24', 'photos/img20141125201824.jpg'),
(588, 546, 'Android-2014-11-25-20-18-41', 'photos/img20141125201841.jpg'),
(589, 547, 'Android-2014-11-25-21-20-55', 'photos/img20141125212055.jpg'),
(590, 548, 'iPhone-2014-11-26-19-27-52', 'photos/nincs_kep_feltoltve.jpg'),
(591, 549, 'iPhone-2014-11-26-19-32-19', 'photos/nincs_kep_feltoltve.jpg'),
(592, 550, 'Android-2014-11-27-09-01-48', 'photos/img20141127090148.jpg'),
(593, 551, 'Android-2014-12-01-19-04-27', 'photos/img20141201190427.jpg'),
(594, 552, 'Android-2014-12-01-19-28-15', 'photos/img20141201192815.jpg'),
(595, 553, 'iPhone-2014-12-02-10-59-22', 'photos/img20141202105922.jpg'),
(596, 554, 'Android-2014-12-02-15-58-26', 'photos/img20141202155826.jpg'),
(597, 555, 'Android-2014-12-02-15-59-50', 'photos/img20141202155950.jpg'),
(598, 556, 'Android-2014-12-07-13-40-07', 'photos/img20141207134007.jpg'),
(599, 557, 'Android-2015-04-13-10-42-38', 'photos/nincs_kep_feltoltve.jpg'),
(600, 558, 'Android-2015-04-13-10-53-33', 'photos/nincs_kep_feltoltve.jpg'),
(601, 559, 'Android-2015-04-13-10-54-49', 'photos/img20150413105449.jpg'),
(602, 560, 'Android-2015-04-13-10-55-49', 'photos/img20150413105549.jpg'),
(603, 561, 'Android-2015-04-13-10-57-18', 'photos/img20150413105718.jpg'),
(604, 562, 'Android-2015-04-13-11-00-10', 'photos/img20150413110010.jpg'),
(605, 563, 'Android-2015-04-13-11-01-44', 'photos/img20150413110144.jpg'),
(606, 564, 'Android-2015-04-13-13-42-41', 'photos/img20150413134241.jpg'),
(607, 565, 'Android-2015-04-28-11-53-22', 'photos/img20150428115322.jpg'),
(608, 566, 'Android-2015-04-28-12-00-17', 'photos/img20150428120017.jpg'),
(609, 0, 'Android-2015-04-29-10-39-29', 'photos/nincs_kep_feltoltve.jpg'),
(610, 0, 'Android-2015-04-29-10-39-29', 'photos/nincs_kep_feltoltve.jpg'),
(611, 0, 'Android-2015-04-29-10-44-01', 'photos/img20150429104401.jpg'),
(612, 0, 'Android-2015-04-29-10-45-58', 'photos/img20150429104558.jpg'),
(613, 0, 'Android-2015-04-29-10-51-11', 'photos/img20150429105111.jpg'),
(614, 0, 'Android-2015-04-29-10-56-31', 'photos/img20150429105631.jpg'),
(615, 0, 'Android-2015-04-29-10-56-32', 'photos/img20150429105632.jpg'),
(616, 0, 'Windows-2015-04-29-11-01-48', 'photos/nincs_kep_feltoltve.jpg'),
(617, 0, 'Windows-2015-04-29-11-01-48', 'photos/nincs_kep_feltoltve.jpg'),
(618, 567, 'Android-2015-09-09-14-06-46', 'photos/img20150909140646.jpg'),
(619, 568, 'Windows-2015-09-09-14-25-42', 'photos/img20150909142542.jpg'),
(620, 569, 'Windows-2015-09-09-14-27-15', 'photos/nincs_kep_feltoltve.jpg'),
(621, 570, 'Windows-2015-09-09-14-32-42', 'photos/nincs_kep_feltoltve.jpg'),
(622, 571, 'Windows-2015-09-09-14-34-51', 'photos/nincs_kep_feltoltve.jpg'),
(623, 572, 'Android-2015-09-09-14-36-39', 'photos/nincs_kep_feltoltve.jpg'),
(624, 573, 'iPhone-2015-09-09-14-38-39', 'photos/nincs_kep_feltoltve.jpg'),
(625, 574, 'Android-2015-09-09-14-40-14', 'photos/img20150909144014.jpg'),
(626, 575, 'Android-2015-09-09-14-42-14', 'photos/nincs_kep_feltoltve.jpg'),
(627, 576, 'Android-2015-09-09-14-43-07', 'photos/nincs_kep_feltoltve.jpg'),
(628, 577, 'Android-2015-09-09-14-44-05', 'photos/nincs_kep_feltoltve.jpg'),
(629, 578, 'Android-2015-09-09-14-47-45', 'photos/img20150909144745.jpg'),
(630, 579, 'Android-2015-09-09-14-48-16', 'photos/nincs_kep_feltoltve.jpg'),
(631, 580, 'Windows-2015-09-09-15-01-45', 'photos/img20150909150145.jpg'),
(632, 581, 'Windows-2015-10-22-15-50-36', 'photos/nincs_kep_feltoltve.jpg'),
(633, 582, 'Windows-2015-10-22-15-54-02', 'photos/nincs_kep_feltoltve.jpg'),
(634, 583, 'Android-2015-10-22-16-09-42', 'photos/nincs_kep_feltoltve.jpg'),
(635, 584, 'Android-2015-10-22-16-12-44', 'photos/nincs_kep_feltoltve.jpg'),
(636, 585, 'Windows-2015-10-22-16-21-49', 'photos/nincs_kep_feltoltve.jpg'),
(637, 586, 'Windows-2015-10-22-16-38-53', 'photos/nincs_kep_feltoltve.jpg'),
(638, 587, 'Android-2015-10-22-16-39-56', 'photos/nincs_kep_feltoltve.jpg'),
(639, 588, 'Windows-2015-10-22-16-43-28', 'photos/nincs_kep_feltoltve.jpg'),
(640, 589, 'Windows-2015-10-22-16-46-06', 'photos/img20151022164606.jpg'),
(641, 590, 'Windows-2015-10-22-16-46-42', 'photos/img20151022164642.jpg'),
(642, 591, 'Android-2015-10-22-17-42-32', 'photos/nincs_kep_feltoltve.jpg'),
(643, 592, 'Android-2015-10-22-17-43-44', 'photos/nincs_kep_feltoltve.jpg'),
(644, 593, 'Android-2015-10-22-17-44-08', 'photos/nincs_kep_feltoltve.jpg'),
(645, 594, 'Android-2015-10-22-17-45-18', 'photos/nincs_kep_feltoltve.jpg'),
(646, 595, 'Android-2015-10-22-17-46-26', 'photos/nincs_kep_feltoltve.jpg'),
(647, 596, 'Android-2015-10-22-17-49-40', 'photos/img20151022174940.jpg'),
(648, 597, 'Android-2015-10-22-17-51-07', 'photos/img20151022175107.jpg'),
(649, 598, 'Android-2015-10-22-17-55-26', 'photos/img20151022175526.jpg'),
(650, 599, 'Android-2015-10-22-18-01-21', 'photos/img20151022180121.jpg'),
(651, 600, 'Android-2015-10-22-18-04-38', 'photos/nincs_kep_feltoltve.jpg'),
(652, 601, 'Android-2015-10-22-18-06-10', 'photos/nincs_kep_feltoltve.jpg'),
(653, 602, 'Android-2015-10-22-18-07-37', 'photos/img20151022180737.jpg'),
(654, 603, 'Android-2015-10-22-18-12-33', 'photos/img20151022181233.jpg'),
(655, 604, 'Android-2015-10-22-18-14-28', 'photos/nincs_kep_feltoltve.jpg'),
(656, 605, 'Android-2015-10-22-18-15-05', 'photos/img20151022181505.jpg'),
(657, 606, 'Android-2015-10-26-09-38-14', 'photos/img20151026093814.jpg'),
(658, 607, 'Windows-2015-10-26-09-42-05', 'photos/img20151026094205.jpg'),
(659, 608, 'Android-2015-10-27-09-44-35', 'photos/img20151027094435.jpg'),
(660, 609, 'Android-2015-10-27-10-38-49', 'photos/img20151027103849.jpg'),
(661, 610, 'Android-2015-10-27-10-47-47', 'photos/img20151027104747.jpg'),
(662, 611, 'Android-2015-10-27-10-50-49', 'photos/img20151027105049.jpg'),
(663, 612, 'Android-2015-10-27-10-56-06', 'photos/img20151027105606.jpg'),
(664, 613, 'Android-2015-10-27-11-29-14', 'photos/img20151027112914.jpg'),
(665, 614, 'Android-2015-10-27-11-35-11', 'photos/img20151027113511.jpg'),
(666, 615, 'Android-2015-10-27-11-43-39', 'photos/img20151027114339.jpg'),
(667, 616, 'Android-2015-10-27-11-49-47', 'photos/img20151027114947.jpg'),
(668, 617, 'Android-2015-10-27-15-04-08', 'photos/img20151027150408.jpg'),
(669, 0, 'Android-2015-10-27-15-18-52', 'photos/nincs_kep_feltoltve.jpg'),
(670, 0, 'Android-2015-10-27-15-19-18', 'photos/nincs_kep_feltoltve.jpg'),
(671, 620, 'Android-2015-10-27-15-20-36', 'photos/nincs_kep_feltoltve.jpg'),
(672, 621, 'Android-2015-10-27-16-26-28', 'photos/img20151027162628.jpg'),
(673, 622, 'Android-2015-10-28-08-05-52', 'photos/img20151028080552.jpg'),
(674, 623, 'Android-2015-10-28-08-18-25', 'photos/img20151028081825.jpg'),
(675, 624, 'Android-2015-10-28-08-41-21', 'photos/img20151028084121.jpg'),
(676, 625, 'Android-2015-10-28-08-42-10', 'photos/img20151028084210.jpg'),
(677, 626, 'Android-2015-10-28-12-07-41', 'photos/img20151028120741.jpg'),
(678, 627, 'Android-2015-10-28-12-15-45', 'photos/img20151028121545.jpg'),
(679, 628, 'Android-2015-10-28-12-16-30', 'photos/img20151028121630.jpg'),
(680, 629, 'Android-2015-10-28-12-17-43', 'photos/img20151028121743.jpg'),
(681, 630, 'Android-2015-10-28-12-20-17', 'photos/nincs_kep_feltoltve.jpg'),
(682, 631, 'Android-2015-10-28-12-21-24', 'photos/img20151028122124.jpg'),
(683, 632, 'Android-2015-10-28-12-22-22', 'photos/img20151028122222.jpg'),
(684, 633, 'Android-2015-10-28-12-23-34', 'photos/img20151028122334.jpg'),
(685, 634, 'Android-2015-10-28-12-25-48', 'photos/img20151028122548.jpg'),
(686, 635, 'Android-2015-10-28-12-27-26', 'photos/img20151028122726.jpg'),
(687, 636, 'Android-2015-10-28-12-30-41', 'photos/img20151028123040.jpg'),
(688, 637, 'Android-2015-11-02-12-31-14', 'photos/img20151102123114.jpg'),
(689, 638, 'Android-2015-11-02-12-46-09', 'photos/img20151102124609.jpg'),
(690, 639, 'Android-2015-11-02-12-50-22', 'photos/img20151102125022.jpg'),
(691, 640, 'Android-2015-11-02-12-52-30', 'photos/img20151102125230.jpg'),
(692, 641, 'Android-2015-11-02-12-53-12', 'photos/img20151102125312.jpg'),
(693, 642, 'Android-2015-11-02-12-53-59', 'photos/img20151102125359.jpg'),
(694, 643, 'Android-2015-11-02-12-54-55', 'photos/img20151102125455.jpg'),
(695, 644, 'Android-2015-11-02-12-55-31', 'photos/img20151102125531.jpg'),
(696, 645, 'Android-2015-11-02-12-57-40', 'photos/img20151102125740.jpg'),
(697, 646, 'Android-2015-11-02-12-58-21', 'photos/img20151102125821.jpg'),
(698, 647, 'Android-2015-11-02-12-59-07', 'photos/img20151102125907.jpg'),
(699, 648, 'Windows-2015-11-02-13-12-47', 'photos/img20151102131247.jpg'),
(700, 649, 'Windows-2015-11-02-13-21-40', 'photos/img20151102132140.jpg'),
(701, 650, 'Windows-2015-11-02-13-22-18', 'photos/img20151102132218.jpg'),
(702, 651, 'Windows-2015-11-02-14-24-02', 'photos/img20151102142402.jpg'),
(703, 652, 'Windows-2015-11-02-14-24-53', 'photos/img20151102142453.jpg'),
(704, 653, 'Android-2015-11-02-14-33-56', 'photos/img20151102143356.jpg'),
(705, 654, 'Android-2015-11-02-14-34-24', 'photos/img20151102143424.jpg'),
(706, 655, 'Android-2015-11-02-14-34-56', 'photos/img20151102143456.jpg'),
(707, 656, 'Android-2015-11-02-14-35-20', 'photos/img20151102143520.jpg'),
(708, 657, 'Android-2015-11-02-14-35-39', 'photos/img20151102143539.jpg'),
(709, 658, 'Android-2015-11-02-14-36-01', 'photos/img20151102143601.jpg'),
(710, 659, 'Android-2015-11-02-14-36-22', 'photos/img20151102143622.jpg'),
(711, 660, 'Android-2015-11-02-14-37-05', 'photos/img20151102143705.jpg'),
(712, 661, 'Android-2015-11-02-14-37-32', 'photos/img20151102143732.jpg'),
(713, 662, 'Android-2015-11-02-14-37-53', 'photos/img20151102143753.jpg'),
(714, 663, 'Android-2015-11-02-14-38-22', 'photos/img20151102143822.jpg'),
(715, 664, 'Android-2015-11-02-14-38-46', 'photos/img20151102143846.jpg'),
(716, 665, 'Android-2015-11-02-14-44-50', 'photos/img20151102144450.jpg'),
(717, 666, 'Android-2015-11-02-14-46-35', 'photos/img20151102144635.jpg'),
(718, 667, 'Android-2015-11-02-14-47-24', 'photos/img20151102144724.jpg'),
(719, 668, 'Android-2015-11-02-14-48-06', 'photos/img20151102144806.jpg'),
(720, 669, 'Android-2015-11-02-14-48-40', 'photos/img20151102144840.jpg'),
(721, 670, 'Android-2015-11-02-14-49-27', 'photos/img20151102144927.jpg'),
(722, 671, 'Android-2015-11-02-14-50-34', 'photos/img20151102145034.jpg'),
(723, 672, 'Android-2015-11-02-14-51-02', 'photos/img20151102145102.jpg'),
(724, 673, 'Android-2015-11-02-14-52-01', 'photos/img20151102145201.jpg'),
(725, 674, 'Android-2015-11-02-14-52-39', 'photos/img20151102145239.jpg'),
(726, 675, 'Android-2015-11-02-14-53-50', 'photos/img20151102145350.jpg'),
(727, 676, 'Android-2015-11-02-14-54-38', 'photos/img20151102145438.jpg'),
(728, 677, 'Android-2015-11-02-14-55-21', 'photos/img20151102145521.jpg'),
(729, 678, 'Android-2015-11-02-14-56-02', 'photos/img20151102145602.jpg'),
(730, 679, 'Windows-2015-11-02-15-52-46', 'photos/img20151102155246.jpg'),
(731, 680, 'Windows-2015-11-02-15-53-48', 'photos/img20151102155348.jpg'),
(732, 681, 'Windows-2015-11-02-15-54-32', 'photos/img20151102155432.jpg'),
(733, 682, 'Windows-2015-11-02-15-59-16', 'photos/img20151102155916.jpg'),
(734, 683, 'Android-2015-11-03-14-02-00', 'photos/img20151103140200.jpg'),
(735, 684, 'Android-2015-11-03-15-19-56', 'photos/img20151103151956.jpg'),
(736, 685, 'Android-2015-11-03-15-54-48', 'photos/img20151103155448.jpg'),
(737, 686, 'iPhone-2015-11-20-11-50-42', 'photos/img20151120115042.jpg'),
(738, 687, 'iPhone-2015-11-20-11-55-06', 'photos/img20151120115506.jpg'),
(739, 688, 'iPhone-2015-11-20-12-00-00', 'photos/img20151120120000.jpg'),
(740, 689, 'Windows-2015-12-03-11-24-35', 'photos/img20151203112435.jpg'),
(741, 690, 'Windows-2015-12-03-11-29-18', 'photos/img20151203112918.jpg'),
(742, 691, 'Windows-2015-12-09-08-17-00', 'photos/img20151209081700.jpg'),
(743, 692, 'iPad-2016-01-22-10-52-28', 'photos/img20160122105228.jpg'),
(744, 693, 'Windows-2016-02-17-13-50-43', 'photos/nincs_kep_feltoltve.jpg'),
(745, 694, 'Windows-2016-02-18-08-15-00', 'photos/nincs_kep_feltoltve.jpg'),
(746, 695, 'Windows-2016-02-18-08-43-57', 'photos/nincs_kep_feltoltve.jpg'),
(747, 696, 'Windows-2016-02-18-08-44-58', 'photos/nincs_kep_feltoltve.jpg'),
(748, 697, 'Windows-2016-02-18-08-47-53', 'photos/nincs_kep_feltoltve.jpg'),
(749, 698, 'Windows-2016-02-18-08-49-22', 'photos/nincs_kep_feltoltve.jpg'),
(750, 699, 'Windows-2016-02-18-08-50-45', 'photos/nincs_kep_feltoltve.jpg'),
(751, 700, 'Android-2016-02-18-09-33-54', 'photos/img20160218093354.jpg'),
(752, 701, 'Android-2016-02-18-09-37-58', 'photos/img20160218093758.jpg'),
(753, 702, 'Windows-2016-02-18-09-40-55', 'photos/img20160218094055.jpg'),
(754, 703, 'Windows-2016-02-18-09-49-44', 'photos/img20160218094944.jpg'),
(755, 704, 'Android-2016-02-18-10-22-24', 'photos/img20160218102224.jpg'),
(756, 705, 'Windows-2016-02-18-10-41-26', 'photos/img20160218104126.jpg'),
(757, 706, 'Windows-2016-02-18-12-31-09', 'photos/img20160218123109.jpg'),
(758, 707, 'Android-2016-02-18-12-44-55', 'photos/img20160218124455.jpg'),
(759, 708, 'Android-2016-02-18-12-45-52', 'photos/img20160218124552.jpg'),
(760, 709, 'Android-2016-02-18-12-56-00', 'photos/nincs_kep_feltoltve.jpg'),
(761, 710, 'Windows-2016-02-18-13-01-13', 'photos/img20160218130113.jpg'),
(762, 711, 'Windows-2016-02-18-15-06-32', 'photos/img20160218150632.jpg'),
(763, 712, 'Windows-2016-02-18-19-04-20', 'photos/img20160218190420.jpg'),
(764, 713, 'Windows-2016-02-22-14-50-11', 'photos/img20160222145011.jpg'),
(765, 714, 'Windows-2016-02-22-14-51-17', 'photos/img20160222145117.jpg'),
(766, 715, 'Windows-2016-02-22-14-51-18', 'photos/img20160222145118.jpg'),
(767, 716, 'Windows-2016-02-22-14-51-19', 'photos/img20160222145119.jpg'),
(768, 717, 'Windows-2016-02-22-14-51-20', 'photos/img20160222145120.jpg'),
(769, 718, 'Windows-2016-02-22-14-51-22', 'photos/img20160222145122.jpg'),
(770, 719, 'Windows-2016-02-22-14-51-23', 'photos/img20160222145123.jpg'),
(771, 720, 'Windows-2016-02-22-14-51-24', 'photos/img20160222145124.jpg'),
(772, 721, 'Windows-2016-02-22-14-51-25', 'photos/img20160222145125.jpg'),
(773, 722, 'Windows-2016-02-22-14-51-26', 'photos/img20160222145126.jpg'),
(774, 723, 'Windows-2016-02-22-14-51-28', 'photos/img20160222145128.jpg'),
(775, 724, 'Windows-2016-02-22-14-51-29', 'photos/img20160222145129.jpg'),
(776, 725, 'Windows-2016-02-22-14-51-30', 'photos/img20160222145130.jpg'),
(777, 726, 'Windows-2016-02-22-14-51-31', 'photos/img20160222145131.jpg'),
(778, 727, 'Windows-2016-02-22-14-54-34', 'photos/img20160222145434.jpg'),
(779, 728, 'Windows-2016-02-22-14-54-35', 'photos/img20160222145435.jpg'),
(780, 729, 'Windows-2016-02-22-14-54-36', 'photos/img20160222145436.jpg'),
(781, 730, 'Windows-2016-02-22-14-54-38', 'photos/img20160222145438.jpg'),
(782, 731, 'Windows-2016-02-22-14-54-39', 'photos/img20160222145439.jpg'),
(783, 732, 'Windows-2016-02-22-14-54-40', 'photos/img20160222145440.jpg'),
(784, 733, 'Windows-2016-02-22-14-54-41', 'photos/img20160222145441.jpg'),
(785, 734, 'Windows-2016-02-22-14-54-42', 'photos/img20160222145442.jpg'),
(786, 735, 'Windows-2016-02-22-14-54-44', 'photos/img20160222145444.jpg'),
(787, 736, 'Windows-2016-02-22-14-54-45', 'photos/img20160222145445.jpg'),
(788, 737, 'Windows-2016-02-22-14-54-47', 'photos/img20160222145447.jpg'),
(789, 738, 'Windows-2016-02-22-14-54-51', 'photos/img20160222145451.jpg'),
(790, 739, 'Windows-2016-02-22-14-54-52', 'photos/img20160222145452.jpg'),
(791, 740, 'Windows-2016-02-22-14-54-52', 'photos/img20160222145452.jpg'),
(792, 741, 'Windows-2016-02-22-14-54-53', 'photos/img20160222145453.jpg'),
(793, 742, 'Windows-2016-02-22-14-54-54', 'photos/img20160222145454.jpg'),
(794, 743, 'Windows-2016-02-22-14-54-55', 'photos/img20160222145455.jpg'),
(795, 744, 'Windows-2016-02-22-14-54-56', 'photos/img20160222145456.jpg'),
(796, 745, 'Windows-2016-02-22-14-54-57', 'photos/img20160222145457.jpg'),
(797, 746, 'Windows-2016-02-22-14-54-58', 'photos/img20160222145458.jpg'),
(798, 747, 'Windows-2016-02-22-14-54-59', 'photos/img20160222145459.jpg'),
(799, 748, 'Windows-2016-02-22-14-55-01', 'photos/img20160222145501.jpg'),
(800, 749, 'Windows-2016-02-22-14-55-02', 'photos/img20160222145502.jpg'),
(801, 750, 'Windows-2016-02-22-14-55-03', 'photos/img20160222145503.jpg'),
(802, 751, 'Windows-2016-02-22-14-55-04', 'photos/img20160222145504.jpg'),
(803, 752, 'Windows-2016-02-22-14-55-05', 'photos/img20160222145505.jpg'),
(804, 753, 'Windows-2016-02-22-14-55-06', 'photos/img20160222145506.jpg'),
(805, 754, 'Windows-2016-02-22-14-55-08', 'photos/img20160222145508.jpg'),
(806, 755, 'Windows-2016-02-22-14-55-09', 'photos/img20160222145509.jpg'),
(807, 756, 'Windows-2016-02-22-14-55-10', 'photos/img20160222145510.jpg'),
(808, 757, 'Windows-2016-02-22-14-55-12', 'photos/img20160222145512.jpg'),
(809, 758, 'Windows-2016-02-22-14-55-13', 'photos/img20160222145513.jpg'),
(810, 759, 'Windows-2016-02-22-14-55-14', 'photos/img20160222145514.jpg'),
(811, 760, 'Windows-2016-02-22-14-55-15', 'photos/img20160222145515.jpg'),
(812, 761, 'Windows-2016-02-22-14-55-17', 'photos/img20160222145517.jpg'),
(813, 762, 'Windows-2016-02-22-14-55-18', 'photos/img20160222145518.jpg'),
(814, 763, 'Windows-2016-02-22-14-55-19', 'photos/img20160222145519.jpg'),
(815, 764, 'Windows-2016-02-22-14-55-20', 'photos/img20160222145520.jpg'),
(816, 765, 'Windows-2016-02-22-14-55-22', 'photos/img20160222145522.jpg'),
(817, 766, 'Windows-2016-02-22-14-55-23', 'photos/img20160222145523.jpg'),
(818, 767, 'Windows-2016-02-22-14-55-24', 'photos/img20160222145524.jpg'),
(819, 768, 'Windows-2016-02-22-14-55-26', 'photos/img20160222145526.jpg'),
(820, 769, 'Windows-2016-02-22-14-55-27', 'photos/img20160222145527.jpg'),
(821, 770, 'Windows-2016-02-22-14-55-28', 'photos/img20160222145528.jpg'),
(822, 771, 'Windows-2016-02-22-14-55-30', 'photos/img20160222145530.jpg'),
(823, 772, 'Windows-2016-02-22-14-55-31', 'photos/img20160222145531.jpg'),
(824, 773, 'Windows-2016-02-22-14-55-32', 'photos/img20160222145532.jpg'),
(825, 774, 'Windows-2016-02-22-14-55-33', 'photos/img20160222145533.jpg'),
(826, 775, 'Windows-2016-02-22-14-55-35', 'photos/img20160222145535.jpg'),
(827, 776, 'Windows-2016-02-22-14-55-36', 'photos/img20160222145536.jpg'),
(828, 777, 'Windows-2016-02-22-14-55-37', 'photos/img20160222145537.jpg'),
(829, 778, 'Windows-2016-02-22-14-55-38', 'photos/img20160222145538.jpg'),
(830, 779, 'Windows-2016-02-22-14-55-40', 'photos/img20160222145540.jpg'),
(831, 780, 'Windows-2016-02-22-14-55-41', 'photos/img20160222145541.jpg'),
(832, 781, 'Windows-2016-02-22-14-55-42', 'photos/img20160222145542.jpg'),
(833, 782, 'Windows-2016-02-22-14-55-43', 'photos/img20160222145543.jpg'),
(834, 783, 'Windows-2016-02-22-14-55-45', 'photos/img20160222145545.jpg'),
(835, 784, 'Windows-2016-02-22-14-55-46', 'photos/img20160222145546.jpg'),
(836, 785, 'Windows-2016-02-22-14-55-47', 'photos/img20160222145547.jpg'),
(837, 786, 'Windows-2016-02-22-14-55-48', 'photos/img20160222145548.jpg'),
(838, 787, 'Windows-2016-02-22-14-55-49', 'photos/img20160222145549.jpg'),
(839, 788, 'Windows-2016-02-22-14-55-51', 'photos/img20160222145551.jpg'),
(840, 789, 'Windows-2016-02-22-14-55-52', 'photos/img20160222145552.jpg'),
(841, 790, 'Windows-2016-02-22-14-55-53', 'photos/img20160222145553.jpg'),
(842, 791, 'Windows-2016-02-22-14-55-57', 'photos/img20160222145557.jpg'),
(843, 792, 'Windows-2016-02-22-14-55-59', 'photos/img20160222145559.jpg'),
(844, 795, 'Windows-2016-02-22-14-56-00', 'photos/img20160222145600.jpg'),
(845, 794, 'Windows-2016-02-22-14-56-01', 'photos/img20160222145601.jpg'),
(846, 793, 'Windows-2016-02-22-14-56-01', 'photos/img20160222145601.jpg'),
(847, 796, 'Windows-2016-02-22-14-56-02', 'photos/img20160222145602.jpg'),
(848, 797, 'Windows-2016-02-22-14-56-02', 'photos/img20160222145602.jpg'),
(849, 798, 'Windows-2016-02-22-14-56-04', 'photos/img20160222145604.jpg'),
(850, 799, 'Windows-2016-02-22-14-56-05', 'photos/img20160222145605.jpg'),
(851, 800, 'Windows-2016-02-22-14-56-06', 'photos/img20160222145606.jpg'),
(852, 801, 'Windows-2016-02-22-14-56-07', 'photos/img20160222145607.jpg'),
(853, 802, 'Windows-2016-02-22-14-56-09', 'photos/img20160222145609.jpg'),
(854, 803, 'Windows-2016-02-22-14-56-10', 'photos/img20160222145610.jpg'),
(855, 804, 'Windows-2016-02-22-14-56-11', 'photos/img20160222145611.jpg'),
(856, 805, 'Windows-2016-02-22-14-56-13', 'photos/img20160222145613.jpg'),
(857, 806, 'Windows-2016-02-22-14-56-14', 'photos/img20160222145614.jpg'),
(858, 807, 'Windows-2016-02-22-14-56-15', 'photos/img20160222145615.jpg'),
(859, 808, 'Windows-2016-02-22-14-56-16', 'photos/img20160222145616.jpg'),
(860, 809, 'Windows-2016-02-22-14-56-17', 'photos/img20160222145617.jpg'),
(861, 810, 'Windows-2016-02-22-14-56-18', 'photos/img20160222145618.jpg'),
(862, 811, 'Windows-2016-02-22-14-56-20', 'photos/img20160222145620.jpg'),
(863, 812, 'Windows-2016-02-22-14-56-21', 'photos/img20160222145621.jpg'),
(864, 813, 'Windows-2016-02-22-14-56-22', 'photos/img20160222145622.jpg'),
(865, 814, 'Windows-2016-02-22-14-56-23', 'photos/img20160222145623.jpg'),
(866, 815, 'Windows-2016-02-22-14-56-25', 'photos/img20160222145625.jpg'),
(867, 816, 'Windows-2016-02-22-14-56-26', 'photos/img20160222145626.jpg'),
(868, 817, 'Windows-2016-02-22-14-56-27', 'photos/img20160222145627.jpg'),
(869, 818, 'Windows-2016-02-22-14-56-28', 'photos/img20160222145628.jpg'),
(870, 819, 'Windows-2016-02-22-14-56-29', 'photos/img20160222145629.jpg'),
(871, 820, 'Windows-2016-02-22-14-56-31', 'photos/img20160222145631.jpg'),
(872, 821, 'Windows-2016-02-22-14-56-32', 'photos/img20160222145632.jpg'),
(873, 822, 'Windows-2016-02-22-14-56-33', 'photos/img20160222145633.jpg'),
(874, 823, 'Windows-2016-02-22-14-56-34', 'photos/img20160222145634.jpg'),
(875, 824, 'Windows-2016-02-22-14-56-36', 'photos/img20160222145636.jpg'),
(876, 825, 'Windows-2016-02-22-14-56-37', 'photos/img20160222145637.jpg'),
(877, 826, 'Windows-2016-02-22-14-56-38', 'photos/img20160222145638.jpg'),
(878, 827, 'Windows-2016-02-22-14-56-39', 'photos/img20160222145639.jpg'),
(879, 828, 'Windows-2016-02-22-14-56-41', 'photos/img20160222145641.jpg'),
(880, 829, 'Windows-2016-02-22-14-56-42', 'photos/img20160222145642.jpg'),
(881, 830, 'Windows-2016-02-22-14-56-43', 'photos/img20160222145643.jpg'),
(882, 831, 'Windows-2016-02-22-14-56-44', 'photos/img20160222145644.jpg'),
(883, 832, 'Windows-2016-02-22-14-56-45', 'photos/img20160222145645.jpg'),
(884, 833, 'Windows-2016-02-22-14-56-47', 'photos/img20160222145647.jpg'),
(885, 834, 'Windows-2016-02-22-14-56-48', 'photos/img20160222145648.jpg'),
(886, 835, 'Windows-2016-02-22-14-56-49', 'photos/img20160222145649.jpg'),
(887, 836, 'Windows-2016-02-22-14-59-09', 'photos/img20160222145909.jpg'),
(888, 837, 'Windows-2016-02-22-15-00-33', 'photos/img20160222150033.jpg'),
(889, 838, 'Windows-2016-02-22-15-00-34', 'photos/img20160222150034.jpg'),
(890, 839, 'Windows-2016-02-22-15-00-55', 'photos/img20160222150055.jpg'),
(891, 841, 'Windows-2016-02-22-15-02-03', 'photos/img20160222150203.jpg'),
(892, 842, 'Windows-2016-02-22-15-02-04', 'photos/img20160222150204.jpg'),
(893, 840, 'Windows-2016-02-22-15-02-04', 'photos/img20160222150204.jpg'),
(894, 843, 'Windows-2016-02-22-15-02-27', 'photos/img20160222150227.jpg'),
(895, 844, 'Windows-2016-02-22-15-02-42', 'photos/img20160222150242.jpg'),
(896, 845, 'Windows-2016-02-22-15-02-55', 'photos/img20160222150255.jpg'),
(897, 846, 'Windows-2016-02-22-15-03-00', 'photos/img20160222150300.jpg'),
(898, 847, 'Windows-2016-02-22-15-03-06', 'photos/img20160222150306.jpg'),
(899, 848, 'Windows-2016-02-22-15-03-41', 'photos/img20160222150341.jpg'),
(900, 849, 'Windows-2016-02-22-15-04-19', 'photos/img20160222150419.jpg'),
(901, 850, 'Windows-2016-02-22-15-04-32', 'photos/img20160222150432.jpg'),
(902, 851, 'Windows-2016-02-22-15-04-34', 'photos/img20160222150434.jpg'),
(903, 852, 'Windows-2016-02-22-15-05-27', 'photos/img20160222150527.jpg'),
(904, 853, 'Windows-2016-02-22-15-05-28', 'photos/img20160222150528.jpg'),
(905, 854, 'Windows-2016-02-22-15-05-30', 'photos/img20160222150530.jpg'),
(906, 855, 'Windows-2016-02-22-15-05-34', 'photos/img20160222150534.jpg'),
(907, 856, 'Windows-2016-02-22-15-05-38', 'photos/img20160222150538.jpg'),
(908, 857, 'Windows-2016-02-22-15-05-48', 'photos/img20160222150548.jpg'),
(909, 858, 'Windows-2016-02-22-15-05-49', 'photos/img20160222150549.jpg'),
(910, 859, 'Windows-2016-02-22-15-05-53', 'photos/img20160222150553.jpg'),
(911, 860, 'Windows-2016-02-22-15-06-10', 'photos/img20160222150610.jpg'),
(912, 861, 'Windows-2016-02-22-15-06-12', 'photos/img20160222150612.jpg'),
(913, 862, 'Windows-2016-02-22-15-06-16', 'photos/img20160222150616.jpg'),
(914, 863, 'Windows-2016-02-22-15-06-28', 'photos/img20160222150628.jpg'),
(915, 864, 'Windows-2016-02-22-15-06-40', 'photos/img20160222150640.jpg'),
(916, 865, 'Windows-2016-02-22-15-06-43', 'photos/img20160222150643.jpg'),
(917, 866, 'Windows-2016-02-22-15-06-51', 'photos/img20160222150651.jpg'),
(918, 867, 'Windows-2016-02-22-15-06-55', 'photos/img20160222150655.jpg'),
(919, 868, 'Windows-2016-02-22-15-07-00', 'photos/img20160222150700.jpg'),
(920, 869, 'Windows-2016-02-22-15-07-17', 'photos/img20160222150717.jpg'),
(921, 870, 'Windows-2016-02-22-15-07-24', 'photos/img20160222150724.jpg'),
(922, 871, 'Windows-2016-02-22-15-07-57', 'photos/img20160222150757.jpg'),
(923, 872, 'Windows-2016-02-22-15-08-09', 'photos/img20160222150809.jpg'),
(924, 873, 'Windows-2016-02-22-15-08-33', 'photos/img20160222150833.jpg'),
(925, 874, 'Windows-2016-02-22-15-08-43', 'photos/img20160222150843.jpg'),
(926, 875, 'Windows-2016-02-22-15-09-07', 'photos/img20160222150907.jpg'),
(927, 876, 'Windows-2016-02-22-15-10-32', 'photos/img20160222151032.jpg'),
(928, 877, 'Windows-2016-02-22-15-10-33', 'photos/img20160222151033.jpg'),
(929, 878, 'Windows-2016-02-22-15-10-45', 'photos/img20160222151045.jpg'),
(930, 879, 'Windows-2016-02-22-15-10-46', 'photos/img20160222151046.jpg'),
(931, 880, 'Windows-2016-02-22-15-10-47', 'photos/img20160222151047.jpg'),
(932, 881, 'Windows-2016-02-22-15-10-48', 'photos/img20160222151048.jpg'),
(933, 882, 'Windows-2016-02-22-15-10-50', 'photos/img20160222151050.jpg'),
(934, 883, 'Windows-2016-02-22-15-11-00', 'photos/img20160222151100.jpg'),
(935, 884, 'Windows-2016-02-22-15-11-05', 'photos/img20160222151105.jpg'),
(936, 885, 'Windows-2016-02-22-15-11-27', 'photos/img20160222151127.jpg'),
(937, 886, 'Windows-2016-02-22-15-13-09', 'photos/img20160222151309.jpg'),
(938, 887, 'Windows-2016-02-22-15-13-42', 'photos/img20160222151342.jpg'),
(939, 888, 'Windows-2016-02-22-15-13-49', 'photos/img20160222151349.jpg'),
(940, 889, 'Windows-2016-02-22-15-13-50', 'photos/img20160222151350.jpg'),
(941, 890, 'Windows-2016-02-22-15-14-01', 'photos/img20160222151401.jpg'),
(942, 891, 'Windows-2016-02-22-15-14-06', 'photos/img20160222151406.jpg'),
(943, 892, 'Windows-2016-02-22-15-14-26', 'photos/img20160222151426.jpg'),
(944, 893, 'Windows-2016-02-22-15-14-31', 'photos/img20160222151431.jpg'),
(945, 894, 'Windows-2016-02-22-15-14-35', 'photos/img20160222151435.jpg'),
(946, 895, 'Windows-2016-02-22-15-14-59', 'photos/img20160222151459.jpg'),
(947, 896, 'Windows-2016-02-22-15-15-07', 'photos/img20160222151507.jpg'),
(948, 897, 'Windows-2016-02-22-15-15-32', 'photos/img20160222151532.jpg'),
(949, 898, 'Windows-2016-02-22-15-15-35', 'photos/img20160222151535.jpg'),
(950, 899, 'Windows-2016-02-22-15-15-57', 'photos/img20160222151557.jpg'),
(951, 900, 'Windows-2016-02-22-15-16-38', 'photos/img20160222151638.jpg'),
(952, 901, 'Windows-2016-02-22-15-18-42', 'photos/img20160222151842.jpg'),
(953, 902, 'Windows-2016-02-22-15-18-43', 'photos/img20160222151843.jpg'),
(954, 903, 'Windows-2016-02-22-15-22-27', 'photos/img20160222152227.jpg'),
(955, 904, 'Windows-2016-02-22-15-22-34', 'photos/img20160222152234.jpg'),
(956, 0, 'Windows-2016-02-22-15-22-40', 'photos/nincs_kep_feltoltve.jpg'),
(957, 906, 'Windows-2016-02-22-15-23-00', 'photos/img20160222152300.jpg'),
(958, 907, 'Windows-2016-02-22-15-23-01', 'photos/img20160222152301.jpg'),
(959, 908, 'Windows-2016-02-22-15-23-09', 'photos/img20160222152309.jpg'),
(960, 909, 'Windows-2016-02-22-15-23-10', 'photos/img20160222152310.jpg'),
(961, 910, 'Windows-2016-02-22-15-23-11', 'photos/img20160222152311.jpg'),
(962, 911, 'Windows-2016-02-22-15-23-18', 'photos/img20160222152318.jpg'),
(963, 912, 'Windows-2016-02-22-15-23-19', 'photos/img20160222152319.jpg'),
(964, 913, 'Windows-2016-02-22-15-23-25', 'photos/img20160222152325.jpg'),
(965, 914, 'Windows-2016-02-22-15-23-26', 'photos/img20160222152326.jpg'),
(966, 915, 'Windows-2016-02-22-15-23-31', 'photos/img20160222152331.jpg'),
(967, 916, 'Windows-2016-02-22-15-23-32', 'photos/img20160222152332.jpg'),
(968, 917, 'Windows-2016-02-22-15-24-01', 'photos/img20160222152401.jpg'),
(969, 918, 'Windows-2016-02-22-15-24-12', 'photos/img20160222152412.jpg'),
(970, 919, 'Windows-2016-02-22-15-24-13', 'photos/img20160222152413.jpg'),
(971, 920, 'Windows-2016-02-22-15-24-16', 'photos/img20160222152416.jpg'),
(972, 921, 'Windows-2016-02-22-15-24-31', 'photos/img20160222152431.jpg'),
(973, 922, 'Windows-2016-02-22-15-24-40', 'photos/img20160222152440.jpg'),
(974, 923, 'Windows-2016-02-22-15-24-45', 'photos/img20160222152445.jpg'),
(975, 924, 'Windows-2016-02-22-15-24-54', 'photos/img20160222152454.jpg'),
(976, 925, 'Windows-2016-02-22-15-24-57', 'photos/img20160222152457.jpg'),
(977, 926, 'Windows-2016-02-22-15-25-00', 'photos/img20160222152500.jpg'),
(978, 927, 'Windows-2016-02-22-15-25-08', 'photos/img20160222152508.jpg'),
(979, 928, 'Windows-2016-02-22-15-25-14', 'photos/img20160222152514.jpg'),
(980, 929, 'Windows-2016-02-22-15-25-17', 'photos/img20160222152517.jpg'),
(981, 930, 'Windows-2016-02-22-15-25-27', 'photos/img20160222152527.jpg'),
(982, 931, 'Windows-2016-02-22-15-25-36', 'photos/img20160222152536.jpg'),
(983, 932, 'Windows-2016-02-22-15-25-43', 'photos/img20160222152543.jpg'),
(984, 933, 'Windows-2016-02-22-15-26-22', 'photos/img20160222152622.jpg'),
(985, 934, 'Windows-2016-02-22-15-26-36', 'photos/img20160222152636.jpg'),
(986, 935, 'Windows-2016-02-22-15-26-44', 'photos/img20160222152644.jpg'),
(987, 936, 'Windows-2016-02-22-15-27-41', 'photos/img20160222152741.jpg'),
(988, 937, 'Windows-2016-02-22-15-27-56', 'photos/img20160222152756.jpg'),
(989, 938, 'Windows-2016-02-22-15-28-03', 'photos/img20160222152803.jpg'),
(990, 939, 'Windows-2016-02-22-15-28-04', 'photos/img20160222152804.jpg'),
(991, 940, 'Windows-2016-02-22-15-28-09', 'photos/img20160222152809.jpg'),
(992, 941, 'Windows-2016-02-22-15-39-58', 'photos/img20160222153958.jpg'),
(993, 942, 'Windows-2016-02-22-15-39-59', 'photos/img20160222153959.jpg'),
(994, 943, 'Windows-2016-02-22-15-41-26', 'photos/img20160222154126.jpg'),
(995, 944, 'Windows-2016-02-22-15-42-15', 'photos/img20160222154215.jpg'),
(996, 945, 'Windows-2016-02-22-15-42-33', 'photos/img20160222154233.jpg'),
(997, 946, 'Windows-2016-02-22-15-42-38', 'photos/img20160222154238.jpg'),
(998, 947, 'Windows-2016-02-22-15-42-40', 'photos/img20160222154240.jpg'),
(999, 948, 'Windows-2016-02-22-15-44-05', 'photos/img20160222154405.jpg'),
(1000, 949, 'Windows-2016-02-22-15-44-15', 'photos/img20160222154415.jpg'),
(1001, 950, 'Windows-2016-02-22-15-44-20', 'photos/img20160222154420.jpg'),
(1002, 951, 'Windows-2016-02-22-15-44-23', 'photos/img20160222154423.jpg'),
(1003, 952, 'Windows-2016-02-22-15-44-40', 'photos/img20160222154440.jpg'),
(1004, 953, 'Windows-2016-02-22-15-44-50', 'photos/img20160222154450.jpg'),
(1005, 954, 'Windows-2016-02-22-15-44-51', 'photos/img20160222154451.jpg'),
(1006, 955, 'Windows-2016-02-22-15-49-18', 'photos/img20160222154918.jpg'),
(1007, 956, 'Windows-2016-02-22-15-49-19', 'photos/img20160222154919.jpg'),
(1008, 957, 'Windows-2016-02-22-15-53-20', 'photos/img20160222155320.jpg'),
(1009, 958, 'Windows-2016-02-22-15-54-27', 'photos/img20160222155427.jpg'),
(1010, 959, 'Windows-2016-02-22-15-57-07', 'photos/img20160222155707.jpg'),
(1011, 960, 'Windows-2016-02-22-16-00-45', 'photos/img20160222160045.jpg'),
(1012, 961, 'Windows-2016-02-22-16-14-09', 'photos/img20160222161409.jpg'),
(1013, 962, 'Windows-2016-02-22-16-20-48', 'photos/img20160222162048.jpg'),
(1014, 963, 'Windows-2016-02-22-16-21-03', 'photos/img20160222162103.jpg'),
(1015, 964, 'Windows-2016-02-23-07-37-42', 'photos/img20160223073742.jpg'),
(1016, 965, 'Windows-2016-02-23-07-37-50', 'photos/img20160223073750.jpg'),
(1017, 966, 'Windows-2016-02-23-07-37-55', 'photos/img20160223073755.jpg'),
(1018, 967, 'Windows-2016-02-23-07-50-27', 'photos/img20160223075027.jpg'),
(1019, 968, 'Windows-2016-02-23-07-50-35', 'photos/img20160223075035.jpg'),
(1020, 969, 'Windows-2016-02-23-07-50-42', 'photos/img20160223075042.jpg'),
(1021, 970, 'Windows-2016-02-23-07-50-46', 'photos/img20160223075046.jpg'),
(1022, 971, 'Windows-2016-02-23-07-50-54', 'photos/img20160223075054.jpg'),
(1023, 972, 'Windows-2016-02-23-07-50-55', 'photos/img20160223075055.jpg'),
(1024, 973, 'Windows-2016-02-23-07-50-56', 'photos/img20160223075056.jpg'),
(1025, 974, 'Windows-2016-02-23-07-50-58', 'photos/img20160223075058.jpg'),
(1026, 975, 'Windows-2016-02-23-07-51-00', 'photos/img20160223075100.jpg'),
(1027, 976, 'Windows-2016-02-23-07-53-17', 'photos/img20160223075317.jpg'),
(1028, 977, 'Windows-2016-02-23-07-53-38', 'photos/img20160223075338.jpg'),
(1029, 978, 'Windows-2016-02-23-07-55-11', 'photos/img20160223075511.jpg'),
(1030, 979, 'Windows-2016-02-23-07-55-37', 'photos/img20160223075537.jpg'),
(1031, 980, 'Windows-2016-02-23-07-55-38', 'photos/img20160223075538.jpg'),
(1032, 981, 'Windows-2016-02-23-07-55-44', 'photos/img20160223075544.jpg'),
(1033, 982, 'Windows-2016-02-23-07-55-45', 'photos/img20160223075545.jpg'),
(1034, 983, 'Windows-2016-02-23-07-55-48', 'photos/img20160223075548.jpg'),
(1035, 984, 'Windows-2016-02-23-07-55-52', 'photos/img20160223075552.jpg'),
(1036, 985, 'Windows-2016-02-23-07-55-56', 'photos/img20160223075556.jpg'),
(1037, 986, 'Windows-2016-02-23-07-55-57', 'photos/img20160223075557.jpg'),
(1038, 987, 'Windows-2016-02-23-07-56-00', 'photos/img20160223075600.jpg'),
(1039, 988, 'Windows-2016-02-23-07-56-08', 'photos/img20160223075608.jpg'),
(1040, 989, 'Windows-2016-02-23-07-56-16', 'photos/img20160223075616.jpg'),
(1041, 990, 'Windows-2016-02-23-07-56-22', 'photos/img20160223075622.jpg'),
(1042, 991, 'Windows-2016-02-23-07-57-07', 'photos/img20160223075707.jpg'),
(1043, 992, 'Windows-2016-02-23-07-57-52', 'photos/img20160223075752.jpg'),
(1044, 993, 'Windows-2016-02-23-07-58-11', 'photos/img20160223075811.jpg'),
(1045, 994, 'Windows-2016-02-23-07-58-44', 'photos/img20160223075844.jpg'),
(1046, 995, 'Windows-2016-02-23-07-58-48', 'photos/img20160223075848.jpg'),
(1047, 996, 'Windows-2016-02-23-07-59-03', 'photos/img20160223075903.jpg'),
(1048, 997, 'Windows-2016-02-23-07-59-53', 'photos/img20160223075953.jpg'),
(1049, 998, 'Windows-2016-02-23-08-00-14', 'photos/img20160223080014.jpg'),
(1050, 999, 'Windows-2016-02-23-08-00-51', 'photos/img20160223080051.jpg'),
(1051, 1000, 'Windows-2016-02-23-08-01-05', 'photos/img20160223080105.jpg'),
(1052, 1001, 'Windows-2016-02-23-08-13-23', 'photos/img20160223081323.jpg'),
(1053, 1002, 'Windows-2016-02-23-08-15-01', 'photos/img20160223081501.jpg'),
(1054, 1003, 'Windows-2016-02-23-08-15-50', 'photos/img20160223081550.jpg'),
(1055, 1004, 'Windows-2016-02-23-08-16-20', 'photos/img20160223081620.jpg'),
(1056, 1005, 'Windows-2016-02-23-08-18-41', 'photos/img20160223081841.jpg'),
(1057, 1006, 'Windows-2016-02-23-08-19-08', 'photos/img20160223081908.jpg'),
(1058, 1007, 'Windows-2016-02-23-08-19-38', 'photos/img20160223081938.jpg'),
(1059, 1008, 'Windows-2016-02-23-08-20-08', 'photos/img20160223082008.jpg'),
(1060, 1009, 'Windows-2016-02-23-08-21-22', 'photos/img20160223082122.jpg'),
(1061, 1010, 'Windows-2016-02-23-08-21-53', 'photos/img20160223082153.jpg'),
(1062, 1011, 'Windows-2016-02-23-08-22-22', 'photos/img20160223082222.jpg'),
(1063, 1012, 'Windows-2016-02-23-08-30-46', 'photos/img20160223083046.jpg'),
(1064, 1013, 'Windows-2016-02-23-08-31-27', 'photos/img20160223083127.jpg'),
(1065, 1014, 'Windows-2016-02-23-08-32-02', 'photos/img20160223083202.jpg'),
(1066, 1015, 'Windows-2016-02-23-08-40-46', 'photos/img20160223084046.jpg'),
(1067, 1016, 'Windows-2016-02-23-08-41-13', 'photos/img20160223084113.jpg'),
(1068, 1017, 'Windows-2016-02-23-08-41-43', 'photos/img20160223084143.jpg'),
(1069, 1018, 'Windows-2016-02-23-08-42-13', 'photos/img20160223084213.jpg'),
(1070, 1019, 'Windows-2016-02-23-08-48-03', 'photos/img20160223084803.jpg'),
(1071, 1020, 'Windows-2016-02-23-08-48-30', 'photos/img20160223084830.jpg'),
(1072, 1021, 'Windows-2016-02-23-08-49-02', 'photos/img20160223084902.jpg'),
(1073, 1022, 'Android-2016-02-23-10-12-31', 'photos/img20160223101231.jpg'),
(1074, 1023, 'Android-2016-02-23-10-13-28', 'photos/img20160223101327.jpg'),
(1075, 1024, 'Android-2016-02-23-10-13-56', 'photos/img20160223101356.jpg'),
(1076, 1025, 'Android-2016-02-23-10-16-08', 'photos/img20160223101608.jpg'),
(1077, 1026, 'Windows-2016-02-23-10-46-10', 'photos/img20160223104610.jpg'),
(1078, 1027, 'Windows-2016-02-23-10-46-40', 'photos/img20160223104640.jpg'),
(1079, 1028, 'Windows-2016-02-23-10-47-12', 'photos/img20160223104712.jpg'),
(1080, 1029, 'Windows-2016-02-23-10-56-06', 'photos/img20160223105606.jpg'),
(1081, 1030, 'Windows-2016-02-23-10-56-32', 'photos/img20160223105632.jpg'),
(1082, 1031, 'Android-2016-02-23-11-09-46', 'photos/img20160223110946.jpg'),
(1083, 1032, 'Android-2016-02-23-11-13-18', 'photos/img20160223111318.jpg'),
(1084, 1033, 'Android-2016-02-23-11-13-48', 'photos/img20160223111348.jpg'),
(1085, 1034, 'Android-2016-02-23-11-14-18', 'photos/img20160223111418.jpg'),
(1086, 1035, 'Android-2016-02-23-11-14-47', 'photos/img20160223111447.jpg'),
(1087, 0, 'Windows-2016-02-23-13-05-44', 'photos/img20160223130544.jpg'),
(1088, 1036, 'Windows-2016-02-23-13-09-44', 'photos/img20160223130944.jpg'),
(1089, 1037, 'Windows-2016-02-23-13-49-38', 'photos/nincs_kep_feltoltve.jpg'),
(1090, 1038, 'Windows-2016-02-23-14-05-45', 'photos/img20160223140545.jpg'),
(1091, 1039, 'Android-2016-02-23-14-23-19', 'photos/img20160223142319.jpg'),
(1092, 1040, 'Android-2016-02-23-14-23-46', 'photos/img20160223142346.jpg'),
(1093, 1041, 'Android-2016-02-23-14-24-19', 'photos/img20160223142419.jpg'),
(1094, 1042, 'Android-2016-02-23-14-24-46', 'photos/img20160223142446.jpg'),
(1095, 1043, 'Android-2016-02-23-14-52-24', 'photos/img20160223145224.jpg'),
(1096, 1044, 'Android-2016-02-23-14-52-54', 'photos/img20160223145254.jpg'),
(1097, 1045, 'Android-2016-02-23-15-01-41', 'photos/img20160223150141.jpg'),
(1098, 1046, 'Android-2016-02-23-15-01-57', 'photos/nincs_kep_feltoltve.jpg'),
(1099, 1047, 'Android-2016-02-23-15-02-27', 'photos/nincs_kep_feltoltve.jpg'),
(1100, 1048, 'Android-2016-03-17-14-48-34', 'photos/nincs_kep_feltoltve.jpg'),
(1101, 1049, 'Android-2016-03-17-14-52-46', 'photos/img20160317145246.jpg'),
(1102, 1050, 'Android-2016-03-17-14-53-15', 'photos/img20160317145315.jpg'),
(1103, 1051, 'Android-2016-03-17-14-53-42', 'photos/nincs_kep_feltoltve.jpg'),
(1104, 1052, 'iPhone-2016-03-21-09-14-38', 'photos/img20160321091438.jpg'),
(1105, 1053, 'iPhone-2016-03-21-10-45-30', 'photos/img20160321104530.jpg'),
(1106, 1054, 'iPhone-2016-03-21-10-49-30', 'photos/img20160321104930.jpg'),
(1107, 1055, 'iPhone-2016-03-21-10-50-00', 'photos/img20160321105000.jpg'),
(1108, 1056, 'iPhone-2016-03-21-10-50-30', 'photos/img20160321105030.jpg'),
(1109, 1057, 'iPhone-2016-03-21-10-51-00', 'photos/img20160321105100.jpg'),
(1110, 1058, 'Android-2016-03-30-14-23-40', 'photos/img20160330142340.jpg'),
(1111, 1059, 'Android-2016-03-30-14-59-24', 'photos/img20160330145924.jpg'),
(1112, 1060, 'Android-2016-03-30-15-05-32', 'photos/img20160330150532.jpg'),
(1113, 1061, 'Android-2016-03-30-15-29-34', 'photos/img20160330152934.jpg'),
(1114, 1062, 'Android-2016-03-30-15-30-35', 'photos/img20160330153035.jpg'),
(1115, 1063, 'Android-2016-03-31-14-23-44', 'photos/img20160331142344.jpg'),
(1116, 1064, 'Android-2016-03-31-14-24-15', 'photos/img20160331142415.jpg'),
(1117, 1065, 'Android-2016-04-05-08-36-27', 'photos/img20160405083627.jpg'),
(1118, 1066, 'Android-2016-04-05-08-36-57', 'photos/img20160405083657.jpg'),
(1119, 1067, 'Android-2016-04-05-08-37-27', 'photos/img20160405083727.jpg'),
(1120, 1068, 'Android-2016-04-05-08-38-27', 'photos/img20160405083827.jpg'),
(1121, 1069, 'Windows-2016-04-21-11-51-52', 'photos/nincs_kep_feltoltve.jpg'),
(1122, 1070, 'Windows-2016-04-21-11-54-15', 'photos/nincs_kep_feltoltve.jpg'),
(1123, 1071, 'Windows-2016-04-21-11-59-14', 'photos/nincs_kep_feltoltve.jpg'),
(1124, 1072, 'Windows-2016-04-21-11-59-44', 'photos/nincs_kep_feltoltve.jpg'),
(1125, 1073, 'Windows-2016-04-21-12-01-17', 'photos/img20160421120117.jpg'),
(1126, 1074, 'Windows-2016-04-21-12-05-16', 'photos/img20160421120516.jpg'),
(1127, 1075, 'Android-2016-04-21-12-19-46', 'photos/img20160421121946.jpg'),
(1128, 1076, 'Windows-2016-04-21-12-25-07', 'photos/img20160421122507.jpg'),
(1129, 1077, 'Android-2016-04-21-12-37-32', 'photos/img20160421123732.jpg'),
(1130, 1078, 'Android-2016-04-21-12-41-15', 'photos/img20160421124115.jpg'),
(1131, 1079, 'Android-2016-04-21-12-48-21', 'photos/img20160421124821.jpg');

-- --------------------------------------------------------

--
-- Tábla szerkezet: `mob_statuses`
--

CREATE TABLE IF NOT EXISTS `mob_statuses` (
  `status_id` int(10) unsigned NOT NULL AUTO_INCREMENT,
  `flag` varchar(8) COLLATE utf8_hungarian_ci NOT NULL,
  `text` varchar(30) COLLATE utf8_hungarian_ci NOT NULL,
  `statuscategory_id` int(10) NOT NULL,
  PRIMARY KEY (`status_id`),
  KEY `flag` (`flag`)
) ENGINE=InnoDB  DEFAULT CHARSET=utf8 COLLATE=utf8_hungarian_ci AUTO_INCREMENT=9 ;

--
-- A tábla adatainak kiíratása `mob_statuses`
--

INSERT INTO `mob_statuses` (`status_id`, `flag`, `text`, `statuscategory_id`) VALUES
(1, '11110000', 'Új eset', 0),
(2, '11110000', 'Befogadva', 0),
(3, '11110000', 'Moderálva', 479),
(4, '11110000', 'Várakozik', 0),
(5, '11110000', 'Partnernek továbbítva', 0),
(6, '11110000', 'Elhárítás folyamatban', 0),
(7, '11110000', 'Megoldva', 0),
(8, '11110000', 'Sikertelenül lezárva', 0);

-- --------------------------------------------------------

--
-- Tábla szerkezet: `mob_statuslogs`
--

CREATE TABLE IF NOT EXISTS `mob_statuslogs` (
  `statuslog_id` int(10) unsigned NOT NULL AUTO_INCREMENT,
  `ticket_id` int(10) unsigned DEFAULT NULL,
  `status_id` int(10) unsigned DEFAULT NULL,
  `changestatus` timestamp NOT NULL DEFAULT CURRENT_TIMESTAMP ON UPDATE CURRENT_TIMESTAMP,
  `moderid` int(10) NOT NULL,
  PRIMARY KEY (`statuslog_id`)
) ENGINE=InnoDB  DEFAULT CHARSET=utf8 COLLATE=utf8_hungarian_ci AUTO_INCREMENT=790 ;

--
-- A tábla adatainak kiíratása `mob_statuslogs`
--

INSERT INTO `mob_statuslogs` (`statuslog_id`, `ticket_id`, `status_id`, `changestatus`, `moderid`) VALUES
(233, 533, 1, '2014-11-25 18:10:33', 0),
(234, 534, 1, '2014-11-25 18:13:17', 0),
(235, 535, 1, '2014-11-25 18:13:36', 0),
(236, 536, 1, '2014-11-25 18:14:12', 0),
(237, 537, 1, '2014-11-25 18:16:43', 0),
(238, 538, 1, '2014-11-25 18:17:18', 0),
(239, 539, 1, '2014-11-25 18:17:48', 0),
(240, 540, 1, '2014-11-25 18:18:34', 0),
(241, 541, 1, '2014-11-25 18:20:12', 0),
(242, 542, 1, '2014-11-25 18:22:13', 0),
(243, 543, 1, '2014-11-25 18:27:27', 0),
(244, 544, 1, '2014-11-25 18:57:19', 0),
(245, 545, 1, '2014-11-25 19:18:24', 0),
(246, 546, 1, '2014-11-25 19:18:41', 0),
(247, 547, 1, '2014-11-25 20:20:55', 0),
(248, 548, 1, '2014-11-26 18:27:52', 0),
(249, 549, 1, '2014-11-26 18:32:19', 0),
(250, 550, 1, '2014-11-27 08:01:48', 0),
(251, 551, 1, '2014-12-01 18:04:27', 0),
(252, 552, 1, '2014-12-01 18:28:15', 0),
(253, 553, 1, '2014-12-02 09:59:22', 0),
(254, 554, 1, '2014-12-02 14:58:26', 0),
(255, 555, 1, '2014-12-02 14:59:50', 0),
(256, 556, 1, '2014-12-07 12:40:07', 0),
(257, 557, 1, '2015-04-13 08:42:38', 0),
(258, 558, 1, '2015-04-13 08:53:33', 0),
(259, 559, 1, '2015-04-13 08:54:48', 0),
(260, 560, 1, '2015-04-13 08:55:49', 0),
(261, 561, 1, '2015-04-13 08:57:18', 0),
(262, 562, 1, '2015-04-13 09:00:10', 0),
(263, 563, 1, '2015-04-13 09:01:44', 0),
(264, 564, 1, '2015-04-13 11:42:41', 0),
(265, 565, 1, '2015-04-28 09:53:22', 0),
(266, 566, 1, '2015-04-28 10:00:17', 0),
(267, 0, 1, '2015-04-29 08:39:29', 0),
(268, 0, 1, '2015-04-29 08:39:29', 0),
(269, 0, 1, '2015-04-29 08:44:01', 0),
(270, 0, 1, '2015-04-29 08:45:58', 0),
(271, 0, 1, '2015-04-29 08:51:11', 0),
(272, 0, 1, '2015-04-29 08:56:31', 0),
(273, 0, 1, '2015-04-29 08:56:31', 0),
(274, 0, 1, '2015-04-29 09:01:48', 0),
(275, 0, 1, '2015-04-29 09:01:48', 0),
(276, 567, 1, '2015-09-09 12:06:46', 0),
(277, 568, 1, '2015-09-09 12:25:42', 0),
(278, 569, 1, '2015-09-09 12:27:15', 0),
(279, 570, 1, '2015-09-09 12:32:42', 0),
(280, 571, 1, '2015-09-09 12:34:51', 0),
(281, 572, 1, '2015-09-09 12:36:39', 0),
(282, 573, 1, '2015-09-09 12:38:39', 0),
(283, 574, 1, '2015-09-09 12:40:14', 0),
(284, 575, 1, '2015-09-09 12:42:14', 0),
(285, 576, 1, '2015-09-09 12:43:07', 0),
(286, 577, 1, '2015-09-09 12:44:05', 0),
(287, 578, 1, '2015-09-09 12:47:45', 0),
(288, 579, 1, '2015-09-09 12:48:16', 0),
(289, 580, 1, '2015-09-09 13:01:45', 0),
(290, 581, 1, '2015-10-22 13:50:36', 0),
(291, 582, 1, '2015-10-22 13:54:02', 0),
(292, 583, 1, '2015-10-22 14:09:42', 0),
(293, 584, 1, '2015-10-22 14:12:44', 0),
(294, 585, 1, '2015-10-22 14:21:49', 0),
(295, 586, 1, '2015-10-22 14:38:53', 0),
(296, 587, 1, '2015-10-22 14:39:56', 0),
(297, 588, 1, '2015-10-22 14:43:28', 0),
(298, 589, 1, '2015-10-22 14:46:06', 0),
(299, 590, 1, '2015-10-22 14:46:42', 0),
(300, 591, 1, '2015-10-22 15:42:32', 0),
(301, 592, 1, '2015-10-22 15:43:44', 0),
(302, 593, 1, '2015-10-22 15:44:08', 0),
(303, 594, 1, '2015-10-22 15:45:18', 0),
(304, 595, 1, '2015-10-22 15:46:26', 0),
(305, 596, 1, '2015-10-22 15:49:40', 0),
(306, 597, 1, '2015-10-22 15:51:07', 0),
(307, 598, 1, '2015-10-22 15:55:26', 0),
(308, 599, 1, '2015-10-22 16:01:21', 0),
(309, 600, 1, '2015-10-22 16:04:38', 0),
(310, 601, 1, '2015-10-22 16:06:10', 0),
(311, 602, 1, '2015-10-22 16:07:37', 0),
(312, 603, 1, '2015-10-22 16:12:33', 0),
(313, 604, 1, '2015-10-22 16:14:28', 0),
(314, 605, 1, '2015-10-22 16:15:05', 0),
(315, 606, 1, '2015-10-26 08:38:14', 0),
(316, 607, 1, '2015-10-26 08:42:05', 0),
(317, 608, 1, '2015-10-27 08:44:35', 0),
(318, 609, 1, '2015-10-27 09:38:49', 0),
(319, 610, 1, '2015-10-27 09:47:47', 0),
(320, 611, 1, '2015-10-27 09:50:49', 0),
(321, 612, 1, '2015-10-27 09:56:06', 0),
(322, 613, 1, '2015-10-27 10:29:14', 0),
(323, 614, 1, '2015-10-27 10:35:11', 0),
(324, 615, 1, '2015-10-27 10:43:39', 0),
(325, 616, 1, '2015-10-27 10:49:47', 0),
(326, 617, 1, '2015-10-27 14:04:08', 0),
(327, 0, 1, '2015-10-27 14:18:52', 0),
(328, 0, 1, '2015-10-27 14:19:18', 0),
(329, 620, 1, '2015-10-27 14:20:36', 0),
(330, 621, 1, '2015-10-27 15:26:28', 0),
(331, 622, 1, '2015-10-28 07:05:52', 0),
(332, 623, 1, '2015-10-28 07:18:25', 0),
(333, 624, 1, '2015-10-28 07:41:21', 0),
(334, 625, 1, '2015-10-28 07:42:10', 0),
(335, 626, 1, '2015-10-28 11:07:41', 0),
(336, 627, 1, '2015-10-28 11:15:45', 0),
(337, 628, 1, '2015-10-28 11:16:30', 0),
(338, 629, 1, '2015-10-28 11:17:43', 0),
(339, 630, 1, '2015-10-28 11:20:17', 0),
(340, 631, 1, '2015-10-28 11:21:24', 0),
(341, 632, 1, '2015-10-28 11:22:22', 0),
(342, 633, 1, '2015-10-28 11:23:34', 0),
(343, 634, 1, '2015-10-28 11:25:48', 0),
(344, 635, 1, '2015-10-28 11:27:26', 0),
(345, 636, 1, '2015-10-28 11:30:41', 0),
(346, 637, 1, '2015-11-02 11:31:14', 0),
(347, 638, 1, '2015-11-02 11:46:09', 0),
(348, 639, 1, '2015-11-02 11:50:23', 0),
(349, 640, 1, '2015-11-02 11:52:30', 0),
(350, 641, 1, '2015-11-02 11:53:12', 0),
(351, 642, 1, '2015-11-02 11:53:59', 0),
(352, 643, 1, '2015-11-02 11:54:55', 0),
(353, 644, 1, '2015-11-02 11:55:31', 0),
(354, 645, 1, '2015-11-02 11:57:40', 0),
(355, 646, 1, '2015-11-02 11:58:21', 0),
(356, 647, 1, '2015-11-02 11:59:07', 0),
(357, 648, 1, '2015-11-02 12:12:47', 0),
(358, 649, 1, '2015-11-02 12:21:40', 0),
(359, 650, 1, '2015-11-02 12:22:18', 0),
(360, 651, 1, '2015-11-02 13:24:02', 0),
(361, 652, 1, '2015-11-02 13:24:53', 0),
(362, 653, 1, '2015-11-02 13:33:56', 0),
(363, 654, 1, '2015-11-02 13:34:24', 0),
(364, 655, 1, '2015-11-02 13:34:56', 0),
(365, 656, 1, '2015-11-02 13:35:20', 0),
(366, 657, 1, '2015-11-02 13:35:39', 0),
(367, 658, 1, '2015-11-02 13:36:01', 0),
(368, 659, 1, '2015-11-02 13:36:22', 0),
(369, 660, 1, '2015-11-02 13:37:06', 0),
(370, 661, 1, '2015-11-02 13:37:32', 0),
(371, 662, 1, '2015-11-02 13:37:53', 0),
(372, 663, 1, '2015-11-02 13:38:22', 0),
(373, 664, 1, '2015-11-02 13:38:46', 0),
(374, 665, 1, '2015-11-02 13:44:50', 0),
(375, 666, 1, '2015-11-02 13:46:35', 0),
(376, 667, 1, '2015-11-02 13:47:24', 0),
(377, 668, 1, '2015-11-02 13:48:06', 0),
(378, 669, 1, '2015-11-02 13:48:40', 0),
(379, 670, 1, '2015-11-02 13:49:27', 0),
(380, 671, 1, '2015-11-02 13:50:34', 0),
(381, 672, 1, '2015-11-02 13:51:02', 0),
(382, 673, 1, '2015-11-02 13:52:01', 0),
(383, 674, 1, '2015-11-02 13:52:39', 0),
(384, 675, 1, '2015-11-02 13:53:50', 0),
(385, 676, 1, '2015-11-02 13:54:38', 0),
(386, 677, 1, '2015-11-02 13:55:21', 0),
(387, 678, 1, '2015-11-02 13:56:02', 0),
(388, 679, 1, '2015-11-02 14:52:46', 0),
(389, 680, 1, '2015-11-02 14:53:48', 0),
(390, 681, 1, '2015-11-02 14:54:32', 0),
(391, 682, 1, '2015-11-02 14:59:16', 0),
(392, 683, 1, '2015-11-03 13:02:00', 0),
(393, 684, 1, '2015-11-03 14:19:56', 0),
(394, 685, 1, '2015-11-03 14:54:48', 0),
(395, 686, 1, '2015-11-20 10:50:42', 0),
(396, 687, 1, '2015-11-20 10:55:06', 0),
(397, 688, 1, '2015-11-20 11:00:00', 0),
(398, 689, 1, '2015-12-03 10:24:35', 0),
(399, 690, 1, '2015-12-03 10:29:18', 0),
(400, 691, 1, '2015-12-09 07:17:00', 0),
(401, 692, 1, '2016-01-22 09:52:28', 0),
(402, 693, 1, '2016-02-17 12:50:43', 0),
(403, 694, 1, '2016-02-18 07:15:00', 0),
(404, 695, 1, '2016-02-18 07:43:57', 0),
(405, 696, 1, '2016-02-18 07:44:58', 0),
(406, 697, 1, '2016-02-18 07:47:53', 0),
(407, 698, 1, '2016-02-18 07:49:22', 0),
(408, 699, 1, '2016-02-18 07:50:45', 0),
(409, 700, 1, '2016-02-18 08:33:54', 0),
(410, 701, 1, '2016-02-18 08:37:58', 0),
(411, 702, 1, '2016-02-18 08:40:55', 0),
(412, 703, 1, '2016-02-18 08:49:44', 0),
(413, 704, 1, '2016-02-18 09:22:24', 0),
(414, 705, 1, '2016-02-18 09:41:26', 0),
(415, 706, 1, '2016-02-18 11:31:09', 0),
(416, 707, 1, '2016-02-18 11:44:55', 0),
(417, 708, 1, '2016-02-18 11:45:52', 0),
(418, 709, 1, '2016-02-18 11:56:00', 0),
(419, 710, 1, '2016-02-18 12:01:13', 0),
(420, 711, 1, '2016-02-18 14:06:32', 0),
(421, 712, 1, '2016-02-18 18:04:20', 0),
(422, 713, 1, '2016-02-22 13:50:11', 0),
(423, 714, 1, '2016-02-22 13:51:17', 0),
(424, 715, 1, '2016-02-22 13:51:18', 0),
(425, 716, 1, '2016-02-22 13:51:19', 0),
(426, 717, 1, '2016-02-22 13:51:20', 0),
(427, 718, 1, '2016-02-22 13:51:22', 0),
(428, 719, 1, '2016-02-22 13:51:23', 0),
(429, 720, 1, '2016-02-22 13:51:24', 0),
(430, 721, 1, '2016-02-22 13:51:25', 0),
(431, 722, 1, '2016-02-22 13:51:26', 0),
(432, 723, 1, '2016-02-22 13:51:28', 0),
(433, 724, 1, '2016-02-22 13:51:29', 0),
(434, 725, 1, '2016-02-22 13:51:30', 0),
(435, 726, 1, '2016-02-22 13:51:31', 0),
(436, 727, 1, '2016-02-22 13:54:34', 0),
(437, 728, 1, '2016-02-22 13:54:35', 0),
(438, 729, 1, '2016-02-22 13:54:36', 0),
(439, 730, 1, '2016-02-22 13:54:38', 0),
(440, 731, 1, '2016-02-22 13:54:39', 0),
(441, 732, 1, '2016-02-22 13:54:40', 0),
(442, 733, 1, '2016-02-22 13:54:41', 0),
(443, 734, 1, '2016-02-22 13:54:42', 0),
(444, 735, 1, '2016-02-22 13:54:44', 0),
(445, 736, 1, '2016-02-22 13:54:45', 0),
(446, 737, 1, '2016-02-22 13:54:47', 0),
(447, 738, 1, '2016-02-22 13:54:51', 0),
(448, 739, 1, '2016-02-22 13:54:51', 0),
(449, 740, 1, '2016-02-22 13:54:51', 0),
(450, 741, 1, '2016-02-22 13:54:52', 0),
(451, 742, 1, '2016-02-22 13:54:54', 0),
(452, 743, 1, '2016-02-22 13:54:55', 0),
(453, 744, 1, '2016-02-22 13:54:56', 0),
(454, 745, 1, '2016-02-22 13:54:57', 0),
(455, 746, 1, '2016-02-22 13:54:58', 0),
(456, 747, 1, '2016-02-22 13:54:59', 0),
(457, 748, 1, '2016-02-22 13:55:01', 0),
(458, 749, 1, '2016-02-22 13:55:02', 0),
(459, 750, 1, '2016-02-22 13:55:03', 0),
(460, 751, 1, '2016-02-22 13:55:04', 0),
(461, 752, 1, '2016-02-22 13:55:05', 0),
(462, 753, 1, '2016-02-22 13:55:06', 0),
(463, 754, 1, '2016-02-22 13:55:08', 0),
(464, 755, 1, '2016-02-22 13:55:09', 0),
(465, 756, 1, '2016-02-22 13:55:10', 0),
(466, 757, 1, '2016-02-22 13:55:12', 0),
(467, 758, 1, '2016-02-22 13:55:13', 0),
(468, 759, 1, '2016-02-22 13:55:14', 0),
(469, 760, 1, '2016-02-22 13:55:15', 0),
(470, 761, 1, '2016-02-22 13:55:17', 0),
(471, 762, 1, '2016-02-22 13:55:18', 0),
(472, 763, 1, '2016-02-22 13:55:19', 0),
(473, 764, 1, '2016-02-22 13:55:20', 0),
(474, 765, 1, '2016-02-22 13:55:22', 0),
(475, 766, 1, '2016-02-22 13:55:23', 0),
(476, 767, 1, '2016-02-22 13:55:24', 0),
(477, 768, 1, '2016-02-22 13:55:26', 0),
(478, 769, 1, '2016-02-22 13:55:27', 0),
(479, 770, 1, '2016-02-22 13:55:28', 0),
(480, 771, 1, '2016-02-22 13:55:30', 0),
(481, 772, 1, '2016-02-22 13:55:31', 0),
(482, 773, 1, '2016-02-22 13:55:32', 0),
(483, 774, 1, '2016-02-22 13:55:33', 0),
(484, 775, 1, '2016-02-22 13:55:35', 0),
(485, 776, 1, '2016-02-22 13:55:36', 0),
(486, 777, 1, '2016-02-22 13:55:37', 0),
(487, 778, 1, '2016-02-22 13:55:38', 0),
(488, 779, 1, '2016-02-22 13:55:40', 0),
(489, 780, 1, '2016-02-22 13:55:41', 0),
(490, 781, 1, '2016-02-22 13:55:42', 0),
(491, 782, 1, '2016-02-22 13:55:43', 0),
(492, 783, 1, '2016-02-22 13:55:45', 0),
(493, 784, 1, '2016-02-22 13:55:46', 0),
(494, 785, 1, '2016-02-22 13:55:47', 0),
(495, 786, 1, '2016-02-22 13:55:48', 0),
(496, 787, 1, '2016-02-22 13:55:49', 0),
(497, 788, 1, '2016-02-22 13:55:51', 0),
(498, 789, 1, '2016-02-22 13:55:52', 0),
(499, 790, 1, '2016-02-22 13:55:53', 0),
(500, 791, 1, '2016-02-22 13:55:57', 0),
(501, 792, 1, '2016-02-22 13:55:59', 0),
(502, 793, 1, '2016-02-22 13:55:59', 0),
(503, 794, 1, '2016-02-22 13:55:59', 0),
(504, 795, 1, '2016-02-22 13:55:59', 0),
(505, 796, 1, '2016-02-22 13:56:00', 0),
(506, 797, 1, '2016-02-22 13:56:01', 0),
(507, 798, 1, '2016-02-22 13:56:04', 0),
(508, 799, 1, '2016-02-22 13:56:05', 0),
(509, 800, 1, '2016-02-22 13:56:06', 0),
(510, 801, 1, '2016-02-22 13:56:07', 0),
(511, 802, 1, '2016-02-22 13:56:09', 0),
(512, 803, 1, '2016-02-22 13:56:10', 0),
(513, 804, 1, '2016-02-22 13:56:11', 0),
(514, 805, 1, '2016-02-22 13:56:13', 0),
(515, 806, 1, '2016-02-22 13:56:14', 0),
(516, 807, 1, '2016-02-22 13:56:15', 0),
(517, 808, 1, '2016-02-22 13:56:16', 0),
(518, 809, 1, '2016-02-22 13:56:17', 0),
(519, 810, 1, '2016-02-22 13:56:18', 0),
(520, 811, 1, '2016-02-22 13:56:20', 0),
(521, 812, 1, '2016-02-22 13:56:21', 0),
(522, 813, 1, '2016-02-22 13:56:22', 0),
(523, 814, 1, '2016-02-22 13:56:23', 0),
(524, 815, 1, '2016-02-22 13:56:25', 0),
(525, 816, 1, '2016-02-22 13:56:26', 0),
(526, 817, 1, '2016-02-22 13:56:27', 0),
(527, 818, 1, '2016-02-22 13:56:28', 0),
(528, 819, 1, '2016-02-22 13:56:29', 0),
(529, 820, 1, '2016-02-22 13:56:31', 0),
(530, 821, 1, '2016-02-22 13:56:32', 0),
(531, 822, 1, '2016-02-22 13:56:33', 0),
(532, 823, 1, '2016-02-22 13:56:34', 0),
(533, 824, 1, '2016-02-22 13:56:36', 0),
(534, 825, 1, '2016-02-22 13:56:37', 0),
(535, 826, 1, '2016-02-22 13:56:38', 0),
(536, 827, 1, '2016-02-22 13:56:39', 0),
(537, 828, 1, '2016-02-22 13:56:41', 0),
(538, 829, 1, '2016-02-22 13:56:42', 0),
(539, 830, 1, '2016-02-22 13:56:43', 0),
(540, 831, 1, '2016-02-22 13:56:44', 0),
(541, 832, 1, '2016-02-22 13:56:45', 0),
(542, 833, 1, '2016-02-22 13:56:47', 0),
(543, 834, 1, '2016-02-22 13:56:48', 0),
(544, 835, 1, '2016-02-22 13:56:49', 0),
(545, 836, 1, '2016-02-22 13:59:09', 0),
(546, 837, 1, '2016-02-22 14:00:33', 0),
(547, 838, 1, '2016-02-22 14:00:33', 0),
(548, 839, 1, '2016-02-22 14:00:55', 0),
(549, 840, 1, '2016-02-22 14:02:03', 0),
(550, 841, 1, '2016-02-22 14:02:03', 0),
(551, 842, 1, '2016-02-22 14:02:03', 0),
(552, 843, 1, '2016-02-22 14:02:27', 0),
(553, 844, 1, '2016-02-22 14:02:42', 0),
(554, 845, 1, '2016-02-22 14:02:55', 0),
(555, 846, 1, '2016-02-22 14:03:00', 0),
(556, 847, 1, '2016-02-22 14:03:06', 0),
(557, 848, 1, '2016-02-22 14:03:41', 0),
(558, 849, 1, '2016-02-22 14:04:19', 0),
(559, 850, 1, '2016-02-22 14:04:32', 0),
(560, 851, 1, '2016-02-22 14:04:34', 0),
(561, 852, 1, '2016-02-22 14:05:27', 0),
(562, 853, 1, '2016-02-22 14:05:27', 0),
(563, 854, 1, '2016-02-22 14:05:30', 0),
(564, 855, 1, '2016-02-22 14:05:34', 0),
(565, 856, 1, '2016-02-22 14:05:38', 0),
(566, 857, 1, '2016-02-22 14:05:48', 0),
(567, 858, 1, '2016-02-22 14:05:48', 0),
(568, 859, 1, '2016-02-22 14:05:53', 0),
(569, 860, 1, '2016-02-22 14:06:10', 0),
(570, 861, 1, '2016-02-22 14:06:12', 0),
(571, 862, 1, '2016-02-22 14:06:16', 0),
(572, 863, 1, '2016-02-22 14:06:28', 0),
(573, 864, 1, '2016-02-22 14:06:40', 0),
(574, 865, 1, '2016-02-22 14:06:43', 0),
(575, 866, 1, '2016-02-22 14:06:51', 0),
(576, 867, 1, '2016-02-22 14:06:55', 0),
(577, 868, 1, '2016-02-22 14:07:00', 0),
(578, 869, 1, '2016-02-22 14:07:17', 0),
(579, 870, 1, '2016-02-22 14:07:24', 0),
(580, 871, 1, '2016-02-22 14:07:57', 0),
(581, 872, 1, '2016-02-22 14:08:09', 0),
(582, 873, 1, '2016-02-22 14:08:33', 0),
(583, 874, 1, '2016-02-22 14:08:43', 0),
(584, 875, 1, '2016-02-22 14:09:07', 0),
(585, 876, 1, '2016-02-22 14:10:32', 0),
(586, 877, 1, '2016-02-22 14:10:32', 0),
(587, 878, 1, '2016-02-22 14:10:45', 0),
(588, 879, 1, '2016-02-22 14:10:46', 0),
(589, 880, 1, '2016-02-22 14:10:46', 0),
(590, 881, 1, '2016-02-22 14:10:47', 0),
(591, 882, 1, '2016-02-22 14:10:50', 0),
(592, 883, 1, '2016-02-22 14:11:00', 0),
(593, 884, 1, '2016-02-22 14:11:05', 0),
(594, 885, 1, '2016-02-22 14:11:27', 0),
(595, 886, 1, '2016-02-22 14:13:09', 0),
(596, 887, 1, '2016-02-22 14:13:42', 0),
(597, 888, 1, '2016-02-22 14:13:49', 0),
(598, 889, 1, '2016-02-22 14:13:49', 0),
(599, 890, 1, '2016-02-22 14:14:01', 0),
(600, 891, 1, '2016-02-22 14:14:06', 0),
(601, 892, 1, '2016-02-22 14:14:26', 0),
(602, 893, 1, '2016-02-22 14:14:31', 0),
(603, 894, 1, '2016-02-22 14:14:35', 0),
(604, 895, 1, '2016-02-22 14:14:59', 0),
(605, 896, 1, '2016-02-22 14:15:07', 0),
(606, 897, 1, '2016-02-22 14:15:32', 0),
(607, 898, 1, '2016-02-22 14:15:35', 0),
(608, 899, 1, '2016-02-22 14:15:57', 0),
(609, 900, 1, '2016-02-22 14:16:38', 0),
(610, 901, 1, '2016-02-22 14:18:42', 0),
(611, 902, 1, '2016-02-22 14:18:42', 0),
(612, 903, 1, '2016-02-22 14:22:27', 0),
(613, 904, 1, '2016-02-22 14:22:34', 0),
(614, 0, 1, '2016-02-22 14:22:40', 0),
(615, 906, 1, '2016-02-22 14:23:00', 0),
(616, 907, 1, '2016-02-22 14:23:00', 0),
(617, 908, 1, '2016-02-22 14:23:09', 0),
(618, 909, 1, '2016-02-22 14:23:09', 0),
(619, 910, 1, '2016-02-22 14:23:09', 0),
(620, 911, 1, '2016-02-22 14:23:18', 0),
(621, 912, 1, '2016-02-22 14:23:19', 0),
(622, 913, 1, '2016-02-22 14:23:25', 0),
(623, 914, 1, '2016-02-22 14:23:26', 0),
(624, 915, 1, '2016-02-22 14:23:31', 0),
(625, 916, 1, '2016-02-22 14:23:32', 0),
(626, 917, 1, '2016-02-22 14:24:01', 0),
(627, 918, 1, '2016-02-22 14:24:12', 0),
(628, 919, 1, '2016-02-22 14:24:12', 0),
(629, 920, 1, '2016-02-22 14:24:16', 0),
(630, 921, 1, '2016-02-22 14:24:31', 0),
(631, 922, 1, '2016-02-22 14:24:40', 0),
(632, 923, 1, '2016-02-22 14:24:45', 0),
(633, 924, 1, '2016-02-22 14:24:54', 0),
(634, 925, 1, '2016-02-22 14:24:57', 0),
(635, 926, 1, '2016-02-22 14:25:00', 0),
(636, 927, 1, '2016-02-22 14:25:08', 0),
(637, 928, 1, '2016-02-22 14:25:14', 0),
(638, 929, 1, '2016-02-22 14:25:17', 0),
(639, 930, 1, '2016-02-22 14:25:27', 0),
(640, 931, 1, '2016-02-22 14:25:36', 0),
(641, 932, 1, '2016-02-22 14:25:43', 0),
(642, 933, 1, '2016-02-22 14:26:22', 0),
(643, 934, 1, '2016-02-22 14:26:36', 0),
(644, 935, 1, '2016-02-22 14:26:44', 0),
(645, 936, 1, '2016-02-22 14:27:41', 0),
(646, 937, 1, '2016-02-22 14:27:56', 0),
(647, 938, 1, '2016-02-22 14:28:03', 0),
(648, 939, 1, '2016-02-22 14:28:03', 0),
(649, 940, 1, '2016-02-22 14:28:09', 0),
(650, 941, 1, '2016-02-22 14:39:58', 0),
(651, 942, 1, '2016-02-22 14:39:58', 0),
(652, 943, 1, '2016-02-22 14:41:26', 0),
(653, 944, 1, '2016-02-22 14:42:15', 0),
(654, 945, 1, '2016-02-22 14:42:33', 0),
(655, 946, 1, '2016-02-22 14:42:38', 0),
(656, 947, 1, '2016-02-22 14:42:40', 0),
(657, 948, 1, '2016-02-22 14:44:05', 0),
(658, 949, 1, '2016-02-22 14:44:15', 0),
(659, 950, 1, '2016-02-22 14:44:20', 0),
(660, 951, 1, '2016-02-22 14:44:23', 0),
(661, 952, 1, '2016-02-22 14:44:40', 0),
(662, 953, 1, '2016-02-22 14:44:50', 0),
(663, 954, 1, '2016-02-22 14:44:50', 0),
(664, 955, 1, '2016-02-22 14:49:18', 0),
(665, 956, 1, '2016-02-22 14:49:19', 0),
(666, 957, 1, '2016-02-22 14:53:20', 0),
(667, 958, 1, '2016-02-22 14:54:27', 0),
(668, 959, 1, '2016-02-22 14:57:07', 0),
(669, 960, 1, '2016-02-22 15:00:45', 0),
(670, 961, 1, '2016-02-22 15:14:09', 0),
(671, 962, 1, '2016-02-22 15:20:48', 0),
(672, 963, 1, '2016-02-22 15:21:03', 0),
(673, 964, 1, '2016-02-23 06:37:42', 0),
(674, 965, 1, '2016-02-23 06:37:50', 0),
(675, 966, 1, '2016-02-23 06:37:55', 0),
(676, 967, 1, '2016-02-23 06:50:27', 0),
(677, 968, 1, '2016-02-23 06:50:35', 0),
(678, 969, 1, '2016-02-23 06:50:42', 0),
(679, 970, 1, '2016-02-23 06:50:46', 0),
(680, 971, 1, '2016-02-23 06:50:54', 0),
(681, 972, 1, '2016-02-23 06:50:54', 0),
(682, 973, 1, '2016-02-23 06:50:54', 0),
(683, 974, 1, '2016-02-23 06:50:58', 0),
(684, 975, 1, '2016-02-23 06:51:00', 0),
(685, 976, 1, '2016-02-23 06:53:17', 0),
(686, 977, 1, '2016-02-23 06:53:38', 0),
(687, 978, 1, '2016-02-23 06:55:11', 0),
(688, 979, 1, '2016-02-23 06:55:37', 0),
(689, 980, 1, '2016-02-23 06:55:38', 0),
(690, 981, 1, '2016-02-23 06:55:44', 0),
(691, 982, 1, '2016-02-23 06:55:44', 0),
(692, 983, 1, '2016-02-23 06:55:48', 0),
(693, 984, 1, '2016-02-23 06:55:52', 0),
(694, 985, 1, '2016-02-23 06:55:56', 0),
(695, 986, 1, '2016-02-23 06:55:56', 0),
(696, 987, 1, '2016-02-23 06:56:00', 0),
(697, 988, 1, '2016-02-23 06:56:08', 0),
(698, 989, 1, '2016-02-23 06:56:16', 0),
(699, 990, 1, '2016-02-23 06:56:22', 0),
(700, 991, 1, '2016-02-23 06:57:07', 0),
(701, 992, 1, '2016-02-23 06:57:52', 0),
(702, 993, 1, '2016-02-23 06:58:11', 0),
(703, 994, 1, '2016-02-23 06:58:44', 0),
(704, 995, 1, '2016-02-23 06:58:48', 0),
(705, 996, 1, '2016-02-23 06:59:03', 0),
(706, 997, 1, '2016-02-23 06:59:53', 0),
(707, 998, 1, '2016-02-23 07:00:14', 0),
(708, 999, 1, '2016-02-23 07:00:51', 0),
(709, 1000, 1, '2016-02-23 07:01:05', 0),
(710, 1001, 1, '2016-02-23 07:13:23', 0),
(711, 1002, 1, '2016-02-23 07:15:01', 0),
(712, 1003, 1, '2016-02-23 07:15:50', 0),
(713, 1004, 1, '2016-02-23 07:16:20', 0),
(714, 1005, 1, '2016-02-23 07:18:41', 0),
(715, 1006, 1, '2016-02-23 07:19:08', 0),
(716, 1007, 1, '2016-02-23 07:19:38', 0),
(717, 1008, 1, '2016-02-23 07:20:08', 0),
(718, 1009, 1, '2016-02-23 07:21:22', 0),
(719, 1010, 1, '2016-02-23 07:21:53', 0),
(720, 1011, 1, '2016-02-23 07:22:22', 0),
(721, 1012, 1, '2016-02-23 07:30:46', 0),
(722, 1013, 1, '2016-02-23 07:31:27', 0),
(723, 1014, 1, '2016-02-23 07:32:02', 0),
(724, 1015, 1, '2016-02-23 07:40:46', 0),
(725, 1016, 1, '2016-02-23 07:41:13', 0),
(726, 1017, 1, '2016-02-23 07:41:43', 0),
(727, 1018, 1, '2016-02-23 07:42:13', 0),
(728, 1019, 1, '2016-02-23 07:48:03', 0),
(729, 1020, 1, '2016-02-23 07:48:30', 0),
(730, 1021, 1, '2016-02-23 07:49:02', 0),
(731, 1022, 1, '2016-02-23 09:12:31', 0),
(732, 1023, 1, '2016-02-23 09:13:27', 0),
(733, 1024, 1, '2016-02-23 09:13:56', 0),
(734, 1025, 1, '2016-02-23 09:16:08', 0),
(735, 1026, 1, '2016-02-23 09:46:10', 0),
(736, 1027, 1, '2016-02-23 09:46:40', 0),
(737, 1028, 1, '2016-02-23 09:47:12', 0),
(738, 1029, 1, '2016-02-23 09:56:06', 0),
(739, 1030, 1, '2016-02-23 09:56:32', 0),
(740, 1031, 1, '2016-02-23 10:09:46', 0),
(741, 1032, 1, '2016-02-23 10:13:18', 0),
(742, 1033, 1, '2016-02-23 10:13:48', 0),
(743, 1034, 1, '2016-02-23 10:14:18', 0),
(744, 1035, 1, '2016-02-23 10:14:47', 0),
(745, 0, 1, '2016-02-23 12:05:44', 0),
(746, 1036, 1, '2016-02-23 12:09:44', 0),
(747, 1037, 1, '2016-02-23 12:49:38', 0),
(748, 1038, 1, '2016-02-23 13:05:45', 0),
(749, 1039, 1, '2016-02-23 13:23:19', 0),
(750, 1040, 1, '2016-02-23 13:23:46', 0),
(751, 1041, 1, '2016-02-23 13:24:19', 0),
(752, 1042, 1, '2016-02-23 13:24:46', 0),
(753, 1043, 1, '2016-02-23 13:52:24', 0),
(754, 1044, 1, '2016-02-23 13:52:54', 0),
(755, 1045, 1, '2016-02-23 14:01:41', 0),
(756, 1046, 1, '2016-02-23 14:01:57', 0),
(757, 1047, 1, '2016-02-23 14:02:27', 0),
(758, 1048, 1, '2016-03-17 13:48:35', 0),
(759, 1049, 1, '2016-03-17 13:52:46', 0),
(760, 1050, 1, '2016-03-17 13:53:15', 0),
(761, 1051, 1, '2016-03-17 13:53:42', 0),
(762, 1052, 1, '2016-03-21 08:14:38', 0),
(763, 1053, 1, '2016-03-21 09:45:30', 0),
(764, 1054, 1, '2016-03-21 09:49:30', 0),
(765, 1055, 1, '2016-03-21 09:50:00', 0),
(766, 1056, 1, '2016-03-21 09:50:30', 0),
(767, 1057, 1, '2016-03-21 09:51:00', 0),
(768, 1058, 1, '2016-03-30 12:23:40', 0),
(769, 1059, 1, '2016-03-30 12:59:24', 0),
(770, 1060, 1, '2016-03-30 13:05:32', 0),
(771, 1061, 1, '2016-03-30 13:29:34', 0),
(772, 1062, 1, '2016-03-30 13:30:35', 0),
(773, 1063, 1, '2016-03-31 12:23:44', 0),
(774, 1064, 1, '2016-03-31 12:24:15', 0),
(775, 1065, 1, '2016-04-05 06:36:27', 0),
(776, 1066, 1, '2016-04-05 06:36:57', 0),
(777, 1067, 1, '2016-04-05 06:37:27', 0),
(778, 1068, 1, '2016-04-05 06:38:27', 0),
(779, 1069, 1, '2016-04-21 09:51:52', 0),
(780, 1070, 1, '2016-04-21 09:54:15', 0),
(781, 1071, 1, '2016-04-21 09:59:14', 0),
(782, 1072, 1, '2016-04-21 09:59:44', 0),
(783, 1073, 1, '2016-04-21 10:01:17', 0),
(784, 1074, 1, '2016-04-21 10:05:16', 0),
(785, 1075, 1, '2016-04-21 10:19:46', 0),
(786, 1076, 1, '2016-04-21 10:25:07', 0),
(787, 1077, 1, '2016-04-21 10:37:32', 0),
(788, 1078, 1, '2016-04-21 10:41:15', 0),
(789, 1079, 1, '2016-04-21 10:48:21', 0);

-- --------------------------------------------------------

--
-- Tábla szerkezet: `mob_subcategories`
--

CREATE TABLE IF NOT EXISTS `mob_subcategories` (
  `id` int(11) NOT NULL AUTO_INCREMENT,
  `subcategory_id` int(10) NOT NULL,
  `category_id` int(10) unsigned DEFAULT NULL,
  `name` varchar(45) COLLATE utf8_hungarian_ci NOT NULL,
  `language` int(11) NOT NULL DEFAULT '1',
  PRIMARY KEY (`id`),
  KEY `subcategory_id` (`subcategory_id`)
) ENGINE=InnoDB  DEFAULT CHARSET=utf8 COLLATE=utf8_hungarian_ci AUTO_INCREMENT=22 ;

--
-- A tábla adatainak kiíratása `mob_subcategories`
--

INSERT INTO `mob_subcategories` (`id`, `subcategory_id`, `category_id`, `name`, `language`) VALUES
(1, 24, 14, 'KRESZ tábla hiánya, rongálás', 1),
(2, 25, 14, 'Jelzőlámpa sárgán villog vagy nem világít', 1),
(3, 26, 14, 'Jelzőlámpa megrongálódott', 1),
(4, 27, 14, 'Híd rongálása, hibája', 1),
(5, 28, 14, 'Kerékpárút felületének hibája', 1),
(6, 29, 14, 'Kerékpárút felfestése, jelölése rossz', 1),
(7, 30, 15, 'Közterületi vízelvezető', 1),
(8, 31, 15, 'Közterületi áteresz', 1),
(9, 32, 15, 'Balesetveszélyes folyóka', 1),
(10, 33, 15, 'Hordalékfogó keresztrács', 1),
(11, 34, 15, 'Élő vízfolyásokkal kapcsolatos problémák', 1),
(12, 35, 15, 'Ár- és belvízvédelemmel kapcsolatos gond', 1),
(13, 36, 16, 'Illegális hulladéklerakás', 1),
(14, 37, 16, 'Állattetem közterületen', 1),
(15, 38, 16, 'Közterületi szemétgyűjtő rongálása, pótlása', 1),
(16, 39, 17, 'Játszóeszközök hibája, rongálása', 1),
(17, 40, 17, 'Fákkal kapcsolatos problémák', 1),
(18, 41, 17, 'Cserjékkel kapcsolatos problémák', 1),
(19, 42, 17, 'Utcabútorok hibája, rongálása', 1),
(20, 43, 18, 'Közvilágítási tartóoszlop, kandeláber sérülés', 1),
(21, 44, 18, 'Közvilágítási lámpatest nem világít', 1);

-- --------------------------------------------------------

--
-- Tábla szerkezet: `mob_ticketgroups`
--

CREATE TABLE IF NOT EXISTS `mob_ticketgroups` (
  `ticketgroup_id` int(10) unsigned NOT NULL AUTO_INCREMENT,
  `subcategory_id` int(10) NOT NULL,
  `moderator_description` varchar(255) COLLATE utf8_hungarian_ci NOT NULL,
  `location` varchar(128) COLLATE utf8_hungarian_ci NOT NULL,
  `latitude` float(9,6) DEFAULT NULL,
  `longitude` float(9,6) DEFAULT NULL,
  `status_id` int(10) NOT NULL DEFAULT '1',
  `status_text` tinytext COLLATE utf8_hungarian_ci NOT NULL,
  `changestatus` timestamp NOT NULL DEFAULT CURRENT_TIMESTAMP ON UPDATE CURRENT_TIMESTAMP,
  `moderator_id` int(10) unsigned DEFAULT NULL,
  `language` int(11) NOT NULL,
  PRIMARY KEY (`ticketgroup_id`)
) ENGINE=InnoDB DEFAULT CHARSET=utf8 COLLATE=utf8_hungarian_ci AUTO_INCREMENT=1 ;

-- --------------------------------------------------------

--
-- Tábla szerkezet: `mob_tickets`
--

CREATE TABLE IF NOT EXISTS `mob_tickets` (
  `ticket_id` int(10) unsigned NOT NULL AUTO_INCREMENT,
  `ownerid` int(10) unsigned NOT NULL,
  `subcategory_id` int(10) unsigned NOT NULL,
  `description` varchar(255) COLLATE utf8_hungarian_ci NOT NULL,
  `locationname` varchar(128) COLLATE utf8_hungarian_ci NOT NULL,
  `latitude` float(9,6) NOT NULL,
  `longitude` float(9,6) NOT NULL,
  `date` timestamp NULL DEFAULT NULL,
  `rejection_id` int(10) DEFAULT '0',
  `rejection_date` timestamp NULL DEFAULT NULL,
  `rejection_description` tinytext COLLATE utf8_hungarian_ci NOT NULL,
  `ticketgroup_id` int(10) unsigned DEFAULT '0',
  `language` int(11) NOT NULL,
  PRIMARY KEY (`ticket_id`),
  KEY `ownerid` (`ownerid`),
  KEY `tgroupid` (`ticketgroup_id`),
  KEY `alkategoriaid` (`subcategory_id`)
) ENGINE=InnoDB  DEFAULT CHARSET=utf8 COLLATE=utf8_hungarian_ci AUTO_INCREMENT=1080 ;

--
-- A tábla adatainak kiíratása `mob_tickets`
--

INSERT INTO `mob_tickets` (`ticket_id`, `ownerid`, `subcategory_id`, `description`, `locationname`, `latitude`, `longitude`, `date`, `rejection_id`, `rejection_date`, `rejection_description`, `ticketgroup_id`, `language`) VALUES
(533, 80, 26, 'Hiba van', 'Itt', 48.108917, 20.671741, '2014-11-25 18:10:33', 0, NULL, '', 28, 0),
(534, 80, 27, 'Hiba van', 'Itt', 48.108906, 20.671745, '2014-11-25 18:13:17', 0, NULL, '', 28, 0),
(535, 80, 28, 'Hiba van', 'Itt', 48.108906, 20.671745, '2014-11-25 18:13:36', 0, NULL, '', 28, 0),
(536, 80, 29, 'Hiba van', 'Itt', 48.108940, 20.671762, '2014-11-25 18:14:12', 0, NULL, '', 28, 0),
(537, 80, 26, '', '', 48.109196, 20.671986, '2014-11-25 18:16:43', 0, NULL, '', 28, 0),
(538, 80, 24, '', '', 48.109196, 20.671986, '2014-11-25 18:17:18', 0, NULL, '', 28, 0),
(539, 80, 25, '', '', 48.109196, 20.671986, '2014-11-25 18:17:48', 0, NULL, '', 28, 0),
(540, 80, 34, '', '', 48.109234, 20.671984, '2014-11-25 18:18:34', 0, NULL, '', 28, 0),
(541, 80, 35, 'Buszmegálló', 'Tapolca', 48.109234, 20.671984, '2014-11-25 18:20:12', 0, NULL, '', 28, 0),
(542, 80, 37, 'Buszmegálló', 'Tapolca', 48.109215, 20.671949, '2014-11-25 18:22:13', 0, NULL, '', 28, 0),
(543, 80, 24, 'Diósgyőr', 'Teszt helyszín', 48.109127, 20.671535, '2014-11-25 18:27:27', 0, NULL, '', 28, 0),
(544, 81, 26, 'torony', 'Iroda', 0.000000, 0.000000, '2014-11-25 18:57:19', 0, NULL, '', 28, 0),
(545, 81, 35, '', '', 0.000000, 0.000000, '2014-11-25 19:18:24', 0, NULL, '', 28, 0),
(546, 81, 35, '', '', 0.000000, 0.000000, '2014-11-25 19:18:41', 0, NULL, '', 28, 0),
(547, 80, 38, 'Próba szöveg', 'Teszt helyszín', 48.108936, 20.671722, '2014-11-25 20:20:55', 0, NULL, '', 28, 0),
(548, 81, 0, '', '', 37.386002, -121.964104, '2014-11-26 18:27:52', 0, NULL, '', 28, 0),
(549, 81, 0, '', '', 37.386002, -121.964104, '2014-11-26 18:32:19', 0, NULL, '', 28, 0),
(550, 80, 32, 'Barna lötty.', 'Hunyadi utca', 48.104931, 20.778070, '2014-11-27 08:01:48', 0, NULL, '', 28, 0),
(551, 80, 40, 'Sűrű a növényzet', 'Belváros', 48.109058, 20.671780, '2014-12-01 18:04:27', 0, NULL, '', 28, 0),
(552, 80, 26, 'Vbhg', 'hh', 48.112537, 20.665319, '2014-12-01 18:28:15', 0, NULL, '', 28, 0),
(553, 80, 42, 'Letört az ajtó', 'Hunyadi utca', 37.386196, -121.964348, '2014-12-02 09:59:22', 0, NULL, '', 28, 0),
(554, 80, 26, '', '', 48.104698, 20.777914, '2014-12-02 14:58:26', 0, NULL, '', 28, 0),
(555, 80, 34, '', '', 48.104698, 20.777914, '2014-12-02 14:59:50', 0, NULL, '', 28, 0),
(556, 81, 34, '', '', 0.000000, 0.000000, '2014-12-07 12:40:07', 0, NULL, '', 28, 0),
(557, 80, 0, '', '', 48.082581, 20.767658, '2015-04-13 08:42:38', 0, NULL, '', 28, 0),
(558, 80, 0, '', '', 0.000000, 0.000000, '2015-04-13 08:53:33', 0, NULL, '', 28, 0),
(559, 80, 26, 'Pèlda', 'miskolc, tapolcai', 0.000000, 0.000000, '2015-04-13 08:54:48', 0, NULL, '', 28, 0),
(560, 80, 0, '', '', 0.000000, 0.000000, '2015-04-13 08:55:49', 0, NULL, '', 28, 0),
(561, 80, 27, 'Valami', 'miskolc', 0.000000, 0.000000, '2015-04-13 08:57:18', 0, NULL, '', 28, 0),
(562, 80, 24, '', '', 0.000000, 0.000000, '2015-04-13 09:00:10', 0, NULL, '', 28, 0),
(563, 80, 24, '', 'hhh', 0.000000, 0.000000, '2015-04-13 09:01:44', 0, NULL, '', 28, 0),
(564, 80, 30, 'Beszakadt vízelvezetés ', 'Szabó Zoltán  u.  31', 48.060177, 20.783655, '2015-04-13 11:42:41', 0, NULL, '', 28, 0),
(565, 80, 43, 'Teszt beküldés.', 'főutca', 0.000000, 0.000000, '2015-04-28 09:53:22', 0, NULL, '', 28, 0),
(566, 80, 40, 'D', 'd', 48.102886, 20.775703, '2015-04-28 10:00:17', 0, NULL, '', 28, 0),
(567, 80, 27, 'Hiányzik a híd vége!', 'Miskolc', 37.386196, -121.964348, '2015-09-09 12:06:46', 0, NULL, '', 28, 0),
(568, 80, 44, 'Nem működnek egyáltalán a lámpák!', 'Lyukóvölgy', 37.386196, -121.964348, '2015-09-09 12:25:42', 0, NULL, '', 28, 0),
(569, 80, 26, 'Próba bejelentés!', '48.103903, 20.758795', 37.386196, -121.964348, '2015-09-09 12:27:15', 0, NULL, '', 28, 0),
(570, 80, 24, 'Rossz az egyik tábla!', 'Vasgyár', 37.386196, -121.964348, '2015-09-09 12:32:42', 0, NULL, '', 28, 0),
(571, 80, 34, '', '', 37.386196, -121.964348, '2015-09-09 12:34:51', 0, NULL, '', 28, 0),
(572, 80, 34, 'Próba 09-09/14:36', '', 48.090000, 20.709999, '2015-09-09 12:36:39', 0, NULL, '', 28, 0),
(573, 80, 40, '09-09/14:38', 'Győrika', 48.090000, 20.709999, '2015-09-09 12:38:39', 0, NULL, '', 28, 0),
(574, 80, 24, '09-09/14:40', 'Győrika', 48.098202, 20.739401, '2015-09-09 12:40:14', 0, NULL, '', 28, 0),
(575, 80, 36, 'Sok a szemét a patak mentén.', 'Bábonyi-bérc', 48.086800, 20.784201, '2015-09-09 12:42:14', 0, NULL, '', 28, 0),
(576, 80, 37, 'Emberi hulla a fűben.', 'MÁV-Telep', 48.086800, 20.784201, '2015-09-09 12:43:07', 0, NULL, '', 28, 0),
(577, 80, 43, '09-09/14:44', '', 48.097698, 20.806000, '2015-09-09 12:44:05', 0, NULL, '', 28, 0),
(578, 80, 36, 'Koncert után sok a hulladék!', 'Belváros', 48.097698, 20.806000, '2015-09-09 12:47:45', 0, NULL, '', 28, 0),
(579, 80, 36, 'Újabb próba!', 'Belváros', 48.101898, 20.785400, '2015-09-09 12:48:16', 0, NULL, '', 28, 0),
(580, 80, 26, '09-09/15:02', 'Belváros', 48.101898, 20.785400, '2015-09-09 13:01:45', 0, NULL, '', 28, 0),
(581, 80, 0, 'Valami', '48.103115914183604,20.776404498382103', 48.103115, 20.776403, '2015-10-22 13:50:36', 0, NULL, '', 28, 0),
(582, 80, 0, 'Képtelen', 'Holding', 48.103058, 20.776323, '2015-10-22 13:54:02', 0, NULL, '', 28, 0),
(583, 80, 24, 'Valaki', 'Valami', 43.465187, -80.522369, '2015-10-22 14:09:42', 0, NULL, '', 28, 0),
(584, 80, 30, 'Jeah!', 'Belváros', 43.465187, -80.522369, '2015-10-22 14:12:44', 0, NULL, '', 28, 0),
(585, 80, 24, 'TV', 'Miskolc', 48.103031, 20.776367, '2015-10-22 14:21:49', 0, NULL, '', 28, 0),
(586, 80, 24, 'B', 'a', 48.103104, 20.776428, '2015-10-22 14:38:53', 0, NULL, '', 28, 0),
(587, 80, 24, '', '', 43.465187, -80.522369, '2015-10-22 14:39:56', 0, NULL, '', 28, 0),
(588, 80, 24, '', '', 48.103012, 20.776352, '2015-10-22 14:43:28', 0, NULL, '', 28, 0),
(589, 80, 0, '', '', 48.103012, 20.776352, '2015-10-22 14:46:06', 0, NULL, '', 28, 0),
(590, 80, 0, '', '', 48.103012, 20.776352, '2015-10-22 14:46:42', 0, NULL, '', 28, 0),
(591, 80, 24, '', '', 48.087963, 20.775640, '2015-10-22 15:42:32', 0, NULL, '', 28, 0),
(592, 80, 0, '', '', 48.087963, 20.775640, '2015-10-22 15:43:44', 0, NULL, '', 28, 0),
(593, 80, 0, '', '', 48.087963, 20.775640, '2015-10-22 15:44:08', 0, NULL, '', 28, 0),
(594, 80, 0, '', '', 48.087963, 20.775640, '2015-10-22 15:45:18', 0, NULL, '', 28, 0),
(595, 80, 0, '', '', 48.087963, 20.775640, '2015-10-22 15:46:26', 0, NULL, '', 28, 0),
(596, 80, 27, '', '', 48.087963, 20.775640, '2015-10-22 15:49:40', 0, NULL, '', 28, 0),
(597, 80, 38, 'Siker', 'Otthon', 48.087963, 20.775640, '2015-10-22 15:51:07', 0, NULL, '', 28, 0),
(598, 80, 30, '', '', 48.087963, 20.775640, '2015-10-22 15:55:26', 0, NULL, '', 28, 0),
(599, 80, 38, '', '', 48.087963, 20.775640, '2015-10-22 16:01:21', 0, NULL, '', 28, 0),
(600, 80, 30, '', '', 48.087963, 20.775640, '2015-10-22 16:04:38', 0, NULL, '', 28, 0),
(601, 80, 44, 'Sötét van', 'Avas', 48.087963, 20.775640, '2015-10-22 16:06:10', 0, NULL, '', 28, 0),
(602, 80, 44, 'Sötét van.', 'Avas', 48.087963, 20.775640, '2015-10-22 16:07:37', 0, NULL, '', 28, 0),
(603, 80, 24, '', '', 48.087948, 20.775625, '2015-10-22 16:12:33', 0, NULL, '', 28, 0),
(604, 80, 38, '', '', 48.087948, 20.775625, '2015-10-22 16:14:28', 0, NULL, '', 28, 0),
(605, 80, 39, '', '', 48.087948, 20.775625, '2015-10-22 16:15:05', 0, NULL, '', 28, 0),
(606, 80, 26, 'Telefon', 'Holding', 48.103016, 20.775766, '2015-10-26 08:38:14', 0, NULL, '', 28, 0),
(607, 80, 32, 'Kávé', 'Holding', 48.103127, 20.776377, '2015-10-26 08:42:05', 0, NULL, '', 28, 0),
(608, 80, 26, 'Aa', 'Holding', 0.000000, 0.000000, '2015-10-27 08:44:35', 0, NULL, '', 28, 0),
(609, 80, 36, 'Valami', 'Valahol', 0.000000, 0.000000, '2015-10-27 09:38:49', 0, NULL, '', 28, 0),
(610, 80, 43, 'Sötét van.', 'Raktár', 0.000000, 0.000000, '2015-10-27 09:47:47', 0, NULL, '', 28, 0),
(611, 80, 43, 'B', 'A', 0.000000, 0.000000, '2015-10-27 09:50:49', 0, NULL, '', 28, 0),
(612, 80, 43, 'DDD', 'EEE', 0.000000, 0.000000, '2015-10-27 09:56:06', 0, NULL, '', 28, 0),
(613, 80, 43, 'B', 'a', 0.000000, 0.000000, '2015-10-27 10:29:14', 0, NULL, '', 28, 0),
(614, 80, 26, '', '', 0.000000, 0.000000, '2015-10-27 10:35:11', 0, NULL, '', 28, 0),
(615, 80, 26, '', '', 48.102859, 20.776030, '2015-10-27 10:43:39', 0, NULL, '', 28, 0),
(616, 80, 26, '', 'f', 0.000000, 0.000000, '2015-10-27 10:49:47', 0, NULL, '', 28, 0),
(617, 80, 26, '', '3444', 0.000000, 0.000000, '2015-10-27 14:04:08', 0, NULL, '', 28, 0),
(620, 80, 26, '', '', 48.102886, 20.776173, '2015-10-27 14:20:36', 0, NULL, '', 28, 0),
(621, 80, 26, '', '', 48.102898, 20.775921, '2015-10-27 15:26:28', 0, NULL, '', 28, 0),
(622, 80, 36, 'Semmi', 'Valami', 48.102856, 20.775990, '2015-10-28 07:05:52', 0, NULL, '', 28, 0),
(623, 80, 38, '', '', 48.102890, 20.775986, '2015-10-28 07:18:25', 0, NULL, '', 28, 0),
(624, 80, 26, '', '', 48.102993, 20.775814, '2015-10-28 07:41:21', 0, NULL, '', 28, 0),
(625, 80, 41, '', '', 48.102993, 20.775814, '2015-10-28 07:42:10', 0, NULL, '', 28, 0),
(626, 80, 36, '', '', 48.102940, 20.775837, '2015-10-28 11:07:41', 0, NULL, '', 28, 0),
(627, 80, 26, '', '', 48.102898, 20.775888, '2015-10-28 11:15:45', 0, NULL, '', 28, 0),
(628, 80, 44, '', '', 48.102898, 20.775888, '2015-10-28 11:16:30', 0, NULL, '', 28, 0),
(629, 80, 38, '', '', 48.102898, 20.775888, '2015-10-28 11:17:43', 0, NULL, '', 28, 0),
(630, 80, 26, '', '', 48.102970, 20.775913, '2015-10-28 11:20:17', 0, NULL, '', 28, 0),
(631, 80, 40, '', '', 48.102970, 20.775913, '2015-10-28 11:21:24', 0, NULL, '', 28, 0),
(632, 80, 38, '', '', 48.102970, 20.775913, '2015-10-28 11:22:22', 0, NULL, '', 28, 0),
(633, 80, 43, '', '', 48.102970, 20.775913, '2015-10-28 11:23:34', 0, NULL, '', 28, 0),
(634, 80, 37, '', '', 48.102921, 20.775984, '2015-10-28 11:25:48', 0, NULL, '', 28, 0),
(635, 80, 29, '', '', 48.102898, 20.775894, '2015-10-28 11:27:26', 0, NULL, '', 28, 0),
(636, 80, 0, '', '', 48.102890, 20.775915, '2015-10-28 11:30:41', 0, NULL, '', 28, 0),
(637, 80, 28, '', '', 48.102585, 20.776180, '2015-11-02 11:31:14', 0, NULL, '', 28, 0),
(638, 80, 28, '', '', 48.102665, 20.776114, '2015-11-02 11:46:09', 0, NULL, '', 28, 0),
(639, 80, 0, '', '', 48.102665, 20.776114, '2015-11-02 11:50:22', 0, NULL, '', 28, 0),
(640, 80, 28, '', '', 48.103004, 20.775808, '2015-11-02 11:52:30', 0, NULL, '', 28, 0),
(641, 80, 28, '', '', 48.103004, 20.775808, '2015-11-02 11:53:12', 0, NULL, '', 28, 0),
(642, 80, 28, '', '', 48.103004, 20.775808, '2015-11-02 11:53:59', 0, NULL, '', 28, 0),
(643, 80, 28, '', '', 48.103004, 20.775808, '2015-11-02 11:54:55', 0, NULL, '', 28, 0),
(644, 80, 28, '', '', 48.103004, 20.775808, '2015-11-02 11:55:31', 0, NULL, '', 28, 0),
(645, 80, 28, '', '', 48.103004, 20.775808, '2015-11-02 11:57:40', 0, NULL, '', 28, 0),
(646, 80, 28, '', '', 48.103004, 20.775808, '2015-11-02 11:58:21', 0, NULL, '', 28, 0),
(647, 80, 28, '', '', 48.103004, 20.775808, '2015-11-02 11:59:07', 0, NULL, '', 28, 0),
(648, 80, 28, '', '', 48.103115, 20.776415, '2015-11-02 12:12:47', 0, NULL, '', 28, 0),
(649, 80, 28, '', '', 48.103008, 20.776377, '2015-11-02 12:21:40', 0, NULL, '', 28, 0),
(650, 80, 25, '', '', 48.103008, 20.776377, '2015-11-02 12:22:18', 0, NULL, '', 28, 0),
(651, 80, 28, '', '', 48.103104, 20.776432, '2015-11-02 13:24:02', 0, NULL, '', 28, 0),
(652, 80, 25, '', '', 48.103104, 20.776432, '2015-11-02 13:24:53', 0, NULL, '', 28, 0),
(653, 80, 28, '', '', 48.102856, 20.775978, '2015-11-02 13:33:56', 0, NULL, '', 28, 0),
(654, 80, 28, '', '', 48.102856, 20.775978, '2015-11-02 13:34:24', 0, NULL, '', 28, 0),
(655, 80, 28, '', '', 48.102856, 20.775978, '2015-11-02 13:34:56', 0, NULL, '', 28, 0),
(656, 80, 28, '', '', 48.102856, 20.775978, '2015-11-02 13:35:20', 0, NULL, '', 28, 0),
(657, 80, 28, '', '', 48.102856, 20.775978, '2015-11-02 13:35:39', 0, NULL, '', 28, 0),
(658, 80, 28, '', '', 48.102856, 20.775978, '2015-11-02 13:36:01', 0, NULL, '', 28, 0),
(659, 80, 28, '', '', 48.102856, 20.775978, '2015-11-02 13:36:22', 0, NULL, '', 28, 0),
(660, 80, 28, '', '', 48.102856, 20.775978, '2015-11-02 13:37:06', 0, NULL, '', 28, 0),
(661, 80, 28, '', '', 48.102856, 20.775978, '2015-11-02 13:37:32', 0, NULL, '', 28, 0),
(662, 80, 28, '', '', 48.102856, 20.775978, '2015-11-02 13:37:53', 0, NULL, '', 28, 0),
(663, 80, 28, '', '', 48.102856, 20.775978, '2015-11-02 13:38:22', 0, NULL, '', 28, 0),
(664, 80, 28, '', '', 48.102856, 20.775978, '2015-11-02 13:38:46', 0, NULL, '', 28, 0),
(665, 80, 28, '', '', 48.102936, 20.775812, '2015-11-02 13:44:50', 0, NULL, '', 28, 0),
(666, 80, 25, '', '', 48.102936, 20.775812, '2015-11-02 13:46:35', 0, NULL, '', 28, 0),
(667, 80, 0, '', '', 48.102936, 20.775812, '2015-11-02 13:47:24', 0, NULL, '', 28, 0),
(668, 80, 26, '', '', 48.102936, 20.775812, '2015-11-02 13:48:06', 0, NULL, '', 28, 0),
(669, 80, 0, '', '', 48.102936, 20.775812, '2015-11-02 13:48:40', 0, NULL, '', 28, 0),
(670, 80, 0, '', '', 48.102936, 20.775812, '2015-11-02 13:49:27', 0, NULL, '', 28, 0),
(671, 80, 0, '', '', 48.102722, 20.776129, '2015-11-02 13:50:34', 0, NULL, '', 28, 0),
(672, 80, 28, '', '', 48.102722, 20.776129, '2015-11-02 13:51:02', 0, NULL, '', 28, 0),
(673, 80, 27, '', '', 48.102722, 20.776129, '2015-11-02 13:52:01', 0, NULL, '', 28, 0),
(674, 80, 25, '', '', 48.102722, 20.776129, '2015-11-02 13:52:39', 0, NULL, '', 28, 0),
(675, 80, 28, '', '', 48.102558, 20.776566, '2015-11-02 13:53:50', 0, NULL, '', 28, 0),
(676, 80, 25, '', '', 48.102558, 20.776566, '2015-11-02 13:54:38', 0, NULL, '', 28, 0),
(677, 80, 0, '', '', 48.102558, 20.776566, '2015-11-02 13:55:21', 0, NULL, '', 28, 0),
(678, 80, 36, '', '', 48.102558, 20.776566, '2015-11-02 13:56:02', 0, NULL, '', 28, 0),
(679, 80, 28, '', '', 48.103031, 20.776390, '2015-11-02 14:52:46', 0, NULL, '', 28, 0),
(680, 80, 26, '', '', 48.103031, 20.776390, '2015-11-02 14:53:48', 0, NULL, '', 28, 0),
(681, 80, 39, '', '', 48.103031, 20.776390, '2015-11-02 14:54:32', 0, NULL, '', 28, 0),
(682, 80, 0, '', '', 48.103119, 20.776407, '2015-11-02 14:59:16', 0, NULL, '', 28, 0),
(683, 80, 28, '', '', 48.102787, 20.776068, '2015-11-03 13:02:00', 0, NULL, '', 28, 0),
(684, 80, 28, '', '', 48.102814, 20.775965, '2015-11-03 14:19:56', 0, NULL, '', 28, 0),
(685, 80, 28, '', '', 48.102856, 20.776062, '2015-11-03 14:54:48', 0, NULL, '', 28, 0),
(686, 80, 43, 'eee', 'Holding', 48.102959, 20.776445, '2015-11-20 10:50:42', 0, NULL, '', 28, 0),
(687, 80, 0, 'November', 'Holding', 48.103237, 20.776247, '2015-11-20 10:55:06', 0, NULL, '', 28, 0),
(688, 80, 39, '', '', 48.103237, 20.776247, '2015-11-20 11:00:00', 0, NULL, '', 28, 0),
(689, 80, 44, '2015-12-03-01', 'Holding ', 48.103008, 20.776114, '2015-12-03 10:24:35', 0, NULL, '', 28, 0),
(690, 80, 27, '2015-12-03-02', 'Holding', 48.102909, 20.775900, '2015-12-03 10:29:18', 0, NULL, '', 28, 0),
(691, 80, 40, 'A', '20151209', 0.000000, 0.000000, '2015-12-09 07:17:00', 0, NULL, '', 28, 0),
(692, 80, 36, 'iOS próba', 'iOS', 48.103088, 20.776594, '2016-01-22 09:52:28', 0, NULL, '', 28, 0),
(693, 80, 26, '', '', 48.102894, 20.776541, '2016-02-17 12:50:43', 0, NULL, '', 28, 0),
(694, 80, 26, '', '', 48.103020, 20.776440, '2016-02-18 07:15:00', 0, NULL, '', 28, 0),
(695, 80, 26, '', '', 48.103008, 20.776493, '2016-02-18 07:43:57', 0, NULL, '', 28, 0),
(696, 80, 26, '', '', 48.103016, 20.776480, '2016-02-18 07:44:58', 0, NULL, '', 28, 0),
(697, 80, 26, '', '', 48.103020, 20.776463, '2016-02-18 07:47:53', 0, NULL, '', 28, 0),
(698, 80, 26, '', '', 48.103027, 20.776468, '2016-02-18 07:49:22', 0, NULL, '', 28, 0),
(699, 80, 26, '', '', 48.103020, 20.776468, '2016-02-18 07:50:45', 0, NULL, '', 28, 0),
(700, 80, 37, 'Tetem', 'Holding', 48.102928, 20.776037, '2016-02-18 08:33:54', 0, NULL, '', 28, 0),
(701, 80, 39, '', '', 48.102924, 20.776037, '2016-02-18 08:37:58', 0, NULL, '', 28, 0),
(702, 80, 27, '', '', 48.103161, 20.776392, '2016-02-18 08:40:55', 0, NULL, '', 28, 0),
(703, 80, 42, '', '', 48.102982, 20.776457, '2016-02-18 08:49:44', 0, NULL, '', 28, 0),
(704, 80, 36, '', '', 48.102863, 20.776201, '2016-02-18 09:22:24', 0, NULL, '', 28, 0),
(705, 80, 27, '', '', 48.103134, 20.776596, '2016-02-18 09:41:26', 0, NULL, '', 28, 0),
(706, 80, 42, 'gggg', 'eeee', 48.103111, 20.776451, '2016-02-18 11:31:09', 0, NULL, '', 28, 0),
(707, 80, 36, 'hhhhh', 'eeeee', 48.102921, 20.776052, '2016-02-18 11:44:55', 0, NULL, '', 28, 0),
(708, 80, 39, '', 'tttt', 48.102921, 20.776052, '2016-02-18 11:45:52', 0, NULL, '', 28, 0),
(709, 80, 36, 'Ggggg', 'eeeer', 48.102917, 20.776112, '2016-02-18 11:56:00', 0, NULL, '', 28, 0),
(710, 80, 42, 'ffff', 'eeee', 48.102921, 20.776461, '2016-02-18 12:01:13', 0, NULL, '', 28, 0),
(711, 80, 39, '', '', 48.102940, 20.776377, '2016-02-18 14:06:32', 0, NULL, '', 28, 0),
(712, 80, 44, 'Működik!', 'Avas', 48.087696, 20.775803, '2016-02-18 18:04:20', 0, NULL, '', 28, 0),
(860, 80, 0, 'Dd', 'dd', 48.103001, 20.776428, '2016-02-22 14:06:10', 0, NULL, '', 28, 0),
(861, 80, 0, 'Dd', 'dd', 48.103001, 20.776428, '2016-02-22 14:06:12', 0, NULL, '', 28, 0),
(862, 80, 0, 'Dd', 'dd', 48.103001, 20.776428, '2016-02-22 14:06:16', 0, NULL, '', 28, 0),
(863, 80, 0, 'Dd', 'dd', 48.103001, 20.776428, '2016-02-22 14:06:28', 0, NULL, '', 28, 0),
(864, 80, 0, 'Dd', 'dd', 48.103001, 20.776428, '2016-02-22 14:06:40', 0, NULL, '', 28, 0),
(865, 80, 0, 'Dd', 'dd', 48.103001, 20.776428, '2016-02-22 14:06:43', 0, NULL, '', 28, 0),
(866, 80, 0, 'Dd', 'dd', 48.103001, 20.776428, '2016-02-22 14:06:51', 0, NULL, '', 28, 0),
(867, 80, 0, 'Dd', 'dd', 48.103001, 20.776428, '2016-02-22 14:06:55', 0, NULL, '', 28, 0),
(868, 80, 0, 'Dd', 'dd', 48.103001, 20.776428, '2016-02-22 14:07:00', 0, NULL, '', 28, 0),
(869, 80, 0, 'Dd', 'dd', 48.103001, 20.776428, '2016-02-22 14:07:17', 0, NULL, '', 28, 0),
(870, 80, 0, 'Dd', 'dd', 48.103001, 20.776428, '2016-02-22 14:07:24', 0, NULL, '', 28, 0),
(871, 80, 0, 'Dd', 'dd', 48.103001, 20.776428, '2016-02-22 14:07:57', 0, NULL, '', 28, 0),
(872, 80, 0, 'Dd', 'dd', 48.103001, 20.776428, '2016-02-22 14:08:09', 0, NULL, '', 28, 0),
(873, 80, 0, 'Dd', 'dd', 48.103001, 20.776428, '2016-02-22 14:08:33', 0, NULL, '', 28, 0),
(874, 80, 0, 'Dd', 'dd', 48.103001, 20.776428, '2016-02-22 14:08:43', 0, NULL, '', 28, 0),
(875, 80, 0, 'Dd', 'dd', 48.103001, 20.776428, '2016-02-22 14:09:07', 0, NULL, '', 28, 0),
(876, 80, 0, 'Dd', 'dd', 48.103001, 20.776428, '2016-02-22 14:10:32', 0, NULL, '', 28, 0),
(877, 80, 0, 'Bbb', 'aa', 48.102989, 20.776476, '2016-02-22 14:10:32', 0, NULL, '', 28, 0),
(878, 80, 0, 'Bbb', 'aa', 48.102989, 20.776476, '2016-02-22 14:10:45', 0, NULL, '', 28, 0),
(879, 80, 0, 'Dd', 'dd', 48.103001, 20.776428, '2016-02-22 14:10:46', 0, NULL, '', 28, 0),
(880, 80, 0, 'Bbb', 'aa', 48.102989, 20.776476, '2016-02-22 14:10:46', 0, NULL, '', 28, 0),
(881, 80, 0, 'Dd', 'dd', 48.103001, 20.776428, '2016-02-22 14:10:47', 0, NULL, '', 28, 0),
(882, 80, 0, 'Bbb', 'aa', 48.102989, 20.776476, '2016-02-22 14:10:50', 0, NULL, '', 28, 0),
(883, 80, 0, 'Bbb', 'aa', 48.102989, 20.776476, '2016-02-22 14:11:00', 0, NULL, '', 28, 0),
(884, 80, 0, 'Bbb', 'aa', 48.102989, 20.776476, '2016-02-22 14:11:05', 0, NULL, '', 28, 0),
(885, 80, 0, 'Bbb', 'aa', 48.102989, 20.776476, '2016-02-22 14:11:27', 0, NULL, '', 28, 0),
(886, 80, 0, 'Bbb', 'aa', 48.102989, 20.776476, '2016-02-22 14:13:09', 0, NULL, '', 28, 0),
(887, 80, 0, 'Bbb', 'aa', 48.102989, 20.776476, '2016-02-22 14:13:42', 0, NULL, '', 28, 0),
(888, 80, 0, 'Bbb', 'aa', 48.102989, 20.776476, '2016-02-22 14:13:49', 0, NULL, '', 28, 0),
(889, 80, 0, 'Bbb', 'aa', 48.102989, 20.776476, '2016-02-22 14:13:49', 0, NULL, '', 28, 0),
(890, 80, 0, 'Bbb', 'aa', 48.102989, 20.776476, '2016-02-22 14:14:01', 0, NULL, '', 28, 0),
(891, 80, 0, 'Bbb', 'aa', 48.102989, 20.776476, '2016-02-22 14:14:06', 0, NULL, '', 28, 0),
(892, 80, 0, 'Bbb', 'aa', 48.102989, 20.776476, '2016-02-22 14:14:26', 0, NULL, '', 28, 0),
(893, 80, 0, 'Bbb', 'aa', 48.102989, 20.776476, '2016-02-22 14:14:31', 0, NULL, '', 28, 0),
(894, 80, 0, 'Bbb', 'aa', 48.102989, 20.776476, '2016-02-22 14:14:35', 0, NULL, '', 28, 0),
(895, 80, 0, 'Bbb', 'aa', 48.102989, 20.776476, '2016-02-22 14:14:59', 0, NULL, '', 28, 0),
(896, 80, 0, 'Bbb', 'aa', 48.102989, 20.776476, '2016-02-22 14:15:07', 0, NULL, '', 28, 0),
(897, 80, 0, 'Bbb', 'aa', 48.102989, 20.776476, '2016-02-22 14:15:32', 0, NULL, '', 28, 0),
(898, 80, 0, 'Bbb', 'aa', 48.102989, 20.776476, '2016-02-22 14:15:35', 0, NULL, '', 28, 0),
(899, 80, 0, 'Bbb', 'aa', 48.102989, 20.776476, '2016-02-22 14:15:57', 0, NULL, '', 28, 0),
(900, 80, 0, 'Bbb', 'aa', 48.102989, 20.776476, '2016-02-22 14:16:38', 0, NULL, '', 28, 0),
(901, 80, 0, 'Bbb', 'aa', 48.102989, 20.776476, '2016-02-22 14:18:42', 0, NULL, '', 28, 0),
(902, 80, 0, 'Bbb', 'aa', 48.102989, 20.776476, '2016-02-22 14:18:42', 0, NULL, '', 28, 0),
(903, 80, 0, 'Bbb', 'aa', 48.102989, 20.776476, '2016-02-22 14:22:27', 0, NULL, '', 28, 0),
(904, 80, 0, 'Bbb', 'aa', 48.102989, 20.776476, '2016-02-22 14:22:34', 0, NULL, '', 28, 0),
(906, 80, 0, 'Bbb', 'aa', 48.102989, 20.776476, '2016-02-22 14:23:00', 0, NULL, '', 28, 0),
(907, 80, 0, 'Bbb', 'aa', 48.102989, 20.776476, '2016-02-22 14:23:00', 0, NULL, '', 28, 0),
(908, 80, 0, 'Bbb', 'aa', 48.102989, 20.776476, '2016-02-22 14:23:09', 0, NULL, '', 28, 0),
(909, 80, 0, 'Bbb', 'aa', 48.102989, 20.776476, '2016-02-22 14:23:09', 0, NULL, '', 28, 0),
(910, 80, 0, 'Bbb', 'aa', 48.102989, 20.776476, '2016-02-22 14:23:09', 0, NULL, '', 28, 0),
(911, 80, 0, 'Bbb', 'aa', 48.102989, 20.776476, '2016-02-22 14:23:18', 0, NULL, '', 28, 0),
(912, 80, 0, 'Bbb', 'aa', 48.102989, 20.776476, '2016-02-22 14:23:19', 0, NULL, '', 28, 0),
(913, 80, 0, 'Bbb', 'aa', 48.102989, 20.776476, '2016-02-22 14:23:25', 0, NULL, '', 28, 0),
(914, 80, 0, 'Bbb', 'aa', 48.102989, 20.776476, '2016-02-22 14:23:26', 0, NULL, '', 28, 0),
(915, 80, 0, 'Bbb', 'aa', 48.102989, 20.776476, '2016-02-22 14:23:31', 0, NULL, '', 28, 0),
(916, 80, 0, 'Bbb', 'aa', 48.102989, 20.776476, '2016-02-22 14:23:32', 0, NULL, '', 28, 0),
(917, 80, 0, 'Bbb', 'aa', 48.102989, 20.776476, '2016-02-22 14:24:01', 0, NULL, '', 28, 0),
(918, 80, 0, 'Bbb', 'aa', 48.102989, 20.776476, '2016-02-22 14:24:12', 0, NULL, '', 28, 0),
(919, 80, 0, 'Bbb', 'aa', 48.102989, 20.776476, '2016-02-22 14:24:12', 0, NULL, '', 28, 0),
(920, 80, 0, 'Bbb', 'aa', 48.102989, 20.776476, '2016-02-22 14:24:16', 0, NULL, '', 28, 0),
(921, 80, 0, 'Bbb', 'aa', 48.102989, 20.776476, '2016-02-22 14:24:31', 0, NULL, '', 28, 0),
(922, 80, 0, 'Bbb', 'aa', 48.102989, 20.776476, '2016-02-22 14:24:40', 0, NULL, '', 28, 0),
(923, 80, 0, 'Bbb', 'aa', 48.102989, 20.776476, '2016-02-22 14:24:45', 0, NULL, '', 28, 0),
(924, 80, 0, 'Bbb', 'aa', 48.102989, 20.776476, '2016-02-22 14:24:54', 0, NULL, '', 28, 0),
(925, 80, 0, 'Bbb', 'aa', 48.102989, 20.776476, '2016-02-22 14:24:57', 0, NULL, '', 28, 0),
(926, 80, 0, 'Bbb', 'aa', 48.102989, 20.776476, '2016-02-22 14:25:00', 0, NULL, '', 28, 0),
(927, 80, 0, 'Bbb', 'aa', 48.102989, 20.776476, '2016-02-22 14:25:08', 0, NULL, '', 28, 0),
(928, 80, 0, 'Bbb', 'aa', 48.102989, 20.776476, '2016-02-22 14:25:14', 0, NULL, '', 28, 0),
(929, 80, 0, 'Bbb', 'aa', 48.102989, 20.776476, '2016-02-22 14:25:17', 0, NULL, '', 28, 0),
(930, 80, 0, 'Bbb', 'aa', 48.102989, 20.776476, '2016-02-22 14:25:27', 0, NULL, '', 28, 0),
(931, 80, 0, 'Bbb', 'aa', 48.102989, 20.776476, '2016-02-22 14:25:36', 0, NULL, '', 28, 0),
(932, 80, 0, 'Bbb', 'aa', 48.102989, 20.776476, '2016-02-22 14:25:43', 0, NULL, '', 28, 0),
(933, 80, 0, 'Bbb', 'aa', 48.102989, 20.776476, '2016-02-22 14:26:22', 0, NULL, '', 28, 0),
(934, 80, 0, 'Bbb', 'aa', 48.102989, 20.776476, '2016-02-22 14:26:36', 0, NULL, '', 28, 0),
(935, 80, 0, 'Bbb', 'aa', 48.102989, 20.776476, '2016-02-22 14:26:44', 0, NULL, '', 28, 0),
(936, 80, 0, 'Bbb', 'aa', 48.102989, 20.776476, '2016-02-22 14:27:41', 0, NULL, '', 28, 0),
(937, 80, 0, 'Bbb', 'aa', 48.102989, 20.776476, '2016-02-22 14:27:56', 0, NULL, '', 28, 0),
(938, 80, 0, 'Bbb', 'aa', 48.102989, 20.776476, '2016-02-22 14:28:03', 0, NULL, '', 28, 0),
(939, 80, 0, 'Bbb', 'aa', 48.102989, 20.776476, '2016-02-22 14:28:03', 0, NULL, '', 28, 0),
(940, 80, 0, 'Bbb', 'aa', 48.102989, 20.776476, '2016-02-22 14:28:09', 0, NULL, '', 28, 0),
(941, 80, 24, '', '', 48.103016, 20.776455, '2016-02-22 14:39:58', 0, NULL, '', 28, 0),
(942, 80, 24, '', '', 48.103016, 20.776455, '2016-02-22 14:39:58', 0, NULL, '', 28, 0),
(943, 80, 39, 'Asa', 'aaa', 48.103016, 20.776443, '2016-02-22 14:41:26', 0, NULL, '', 28, 0),
(944, 80, 36, 'Bbbb', 'bb', 48.103016, 20.776443, '2016-02-22 14:42:15', 0, NULL, '', 28, 0),
(945, 80, 36, 'Bbbb', 'bb', 48.103016, 20.776443, '2016-02-22 14:42:33', 0, NULL, '', 28, 0),
(946, 80, 36, 'Bbbb', 'bb', 48.103016, 20.776443, '2016-02-22 14:42:38', 0, NULL, '', 28, 0),
(947, 80, 36, 'Bbbb', 'bb', 48.103016, 20.776443, '2016-02-22 14:42:40', 0, NULL, '', 28, 0),
(948, 80, 38, 'Ccccc', 'cc', 48.103016, 20.776440, '2016-02-22 14:44:05', 0, NULL, '', 28, 0),
(949, 80, 0, 'Ccccc', 'cc', 48.103016, 20.776440, '2016-02-22 14:44:15', 0, NULL, '', 28, 0),
(950, 80, 0, 'Ccccc', 'cc', 48.103016, 20.776440, '2016-02-22 14:44:20', 0, NULL, '', 28, 0),
(951, 80, 0, 'Ccccc', 'cc', 48.103016, 20.776440, '2016-02-22 14:44:23', 0, NULL, '', 28, 0),
(952, 80, 38, 'Ccccc', 'cc', 48.103016, 20.776440, '2016-02-22 14:44:40', 0, NULL, '', 28, 0),
(953, 80, 38, 'Ccccc', 'cc', 48.103016, 20.776440, '2016-02-22 14:44:50', 0, NULL, '', 28, 0),
(954, 80, 38, 'Ccccc', 'cc', 48.103016, 20.776440, '2016-02-22 14:44:50', 0, NULL, '', 28, 0),
(955, 80, 0, 'Ccccc', 'cc', 48.103016, 20.776440, '2016-02-22 14:49:18', 0, NULL, '', 28, 0),
(956, 80, 0, 'Ccccc', 'cc', 48.103016, 20.776440, '2016-02-22 14:49:19', 0, NULL, '', 28, 0),
(957, 80, 24, '', '', 48.103008, 20.776430, '2016-02-22 14:53:20', 0, NULL, '', 28, 0),
(958, 80, 24, '', '', 48.103004, 20.776424, '2016-02-22 14:54:27', 0, NULL, '', 28, 0),
(959, 80, 43, '', '', 48.103004, 20.776424, '2016-02-22 14:57:07', 0, NULL, '', 28, 0),
(960, 80, 43, '', '', 48.103008, 20.776424, '2016-02-22 15:00:45', 0, NULL, '', 28, 0),
(961, 80, 36, 'Dddd', 'ddd', 48.103031, 20.776436, '2016-02-22 15:14:09', 0, NULL, '', 28, 0),
(962, 80, 24, '', '', 48.103043, 20.776436, '2016-02-22 15:20:48', 0, NULL, '', 28, 0),
(963, 80, 43, '', '', 48.103043, 20.776436, '2016-02-22 15:21:03', 0, NULL, '', 28, 0),
(964, 80, 36, 'Qqq', 'qqq', 48.102989, 20.776377, '2016-02-23 06:37:42', 0, NULL, '', 28, 0),
(965, 80, 36, 'Qqq', 'qqq', 48.102989, 20.776377, '2016-02-23 06:37:50', 0, NULL, '', 28, 0),
(966, 80, 36, 'Qqq', 'qqq', 48.102989, 20.776377, '2016-02-23 06:37:55', 0, NULL, '', 28, 0),
(967, 80, 43, 'Ttt', 'ddd', 48.103004, 20.776398, '2016-02-23 06:50:27', 0, NULL, '', 28, 0),
(968, 80, 43, 'Ttt', 'ddd', 48.103004, 20.776398, '2016-02-23 06:50:35', 0, NULL, '', 28, 0),
(969, 80, 0, 'Ttt', 'ddd', 48.103004, 20.776398, '2016-02-23 06:50:42', 0, NULL, '', 28, 0),
(970, 80, 0, 'Ttt', 'ddd', 48.103004, 20.776398, '2016-02-23 06:50:46', 0, NULL, '', 28, 0),
(971, 80, 43, 'Ttt', 'ddd', 48.103004, 20.776398, '2016-02-23 06:50:54', 0, NULL, '', 28, 0),
(972, 80, 0, 'Ttt', 'ddd', 48.103004, 20.776398, '2016-02-23 06:50:54', 0, NULL, '', 28, 0),
(973, 80, 0, 'Ttt', 'ddd', 48.103004, 20.776398, '2016-02-23 06:50:54', 0, NULL, '', 28, 0),
(974, 80, 43, 'Ttt', 'ddd', 48.103004, 20.776398, '2016-02-23 06:50:58', 0, NULL, '', 28, 0),
(975, 80, 43, 'Ttt', 'ddd', 48.103004, 20.776398, '2016-02-23 06:51:00', 0, NULL, '', 28, 0),
(976, 80, 39, '', '', 48.103027, 20.776421, '2016-02-23 06:53:17', 0, NULL, '', 28, 0),
(977, 80, 43, 'Fff', 'eee', 48.103027, 20.776421, '2016-02-23 06:53:38', 0, NULL, '', 28, 0),
(978, 80, 0, 'Ttttt', 'ddd', 48.103027, 20.776421, '2016-02-23 06:55:11', 0, NULL, '', 28, 0),
(979, 80, 0, 'Ttt', 'ddd', 48.103004, 20.776398, '2016-02-23 06:55:37', 0, NULL, '', 28, 0),
(980, 80, 39, 'Ttttt', 'ddd', 48.103027, 20.776421, '2016-02-23 06:55:38', 0, NULL, '', 28, 0),
(981, 80, 0, 'Ttttt', 'ddd', 48.103027, 20.776421, '2016-02-23 06:55:44', 0, NULL, '', 28, 0),
(982, 80, 0, 'Ttttt', 'ddd', 48.103027, 20.776421, '2016-02-23 06:55:44', 0, NULL, '', 28, 0),
(983, 80, 0, 'Ttttt', 'ddd', 48.103027, 20.776421, '2016-02-23 06:55:48', 0, NULL, '', 28, 0),
(984, 80, 0, 'Ttttt', 'ddd', 48.103027, 20.776421, '2016-02-23 06:55:52', 0, NULL, '', 28, 0),
(985, 80, 0, 'Ttttt', 'ddd', 48.103027, 20.776421, '2016-02-23 06:55:56', 0, NULL, '', 28, 0),
(986, 80, 0, 'Ttttt', 'ddd', 48.103027, 20.776421, '2016-02-23 06:55:56', 0, NULL, '', 28, 0),
(987, 80, 0, 'Ttttt', 'ddd', 48.103027, 20.776421, '2016-02-23 06:56:00', 0, NULL, '', 28, 0),
(988, 80, 39, 'Ttttt', 'ddd', 48.103027, 20.776421, '2016-02-23 06:56:08', 0, NULL, '', 28, 0),
(989, 80, 39, 'Ttttt', 'ddd', 48.103027, 20.776421, '2016-02-23 06:56:16', 0, NULL, '', 28, 0),
(990, 80, 0, 'Ttttt', 'ddd', 48.103027, 20.776421, '2016-02-23 06:56:22', 0, NULL, '', 28, 0),
(991, 80, 0, 'Ttttt', 'ddd', 48.103027, 20.776421, '2016-02-23 06:57:07', 0, NULL, '', 28, 0),
(992, 80, 0, 'Ttttt', 'ddd', 48.103027, 20.776421, '2016-02-23 06:57:52', 0, NULL, '', 28, 0),
(993, 80, 0, 'Ttttt', 'ddd', 48.103027, 20.776421, '2016-02-23 06:58:11', 0, NULL, '', 28, 0),
(994, 80, 0, 'Ttttt', 'ddd', 48.103027, 20.776421, '2016-02-23 06:58:44', 0, NULL, '', 28, 0),
(995, 80, 0, 'Ttttt', 'ddd', 48.103027, 20.776421, '2016-02-23 06:58:48', 0, NULL, '', 28, 0),
(996, 80, 0, 'Ttttt', 'ddd', 48.103027, 20.776421, '2016-02-23 06:59:03', 0, NULL, '', 28, 0),
(997, 80, 0, 'Ttttt', 'ddd', 48.103027, 20.776421, '2016-02-23 06:59:53', 0, NULL, '', 28, 0),
(998, 80, 0, 'Ttttt', 'ddd', 48.103027, 20.776421, '2016-02-23 07:00:14', 0, NULL, '', 28, 0),
(999, 80, 0, 'Ttttt', 'ddd', 48.103027, 20.776421, '2016-02-23 07:00:51', 0, NULL, '', 28, 0),
(1000, 80, 0, 'Ttttt', 'ddd', 48.103027, 20.776421, '2016-02-23 07:01:05', 0, NULL, '', 28, 0),
(1001, 80, 39, 'Ffff', 'rtt', 48.102947, 20.776320, '2016-02-23 07:13:23', 0, NULL, '', 28, 0),
(1002, 80, 39, 'Ffff', 'eee', 48.102928, 20.776419, '2016-02-23 07:15:01', 0, NULL, '', 28, 0),
(1003, 80, 42, '', '', 48.102936, 20.776409, '2016-02-23 07:15:50', 0, NULL, '', 28, 0),
(1004, 80, 43, '', 'rrr', 48.102936, 20.776409, '2016-02-23 07:16:20', 0, NULL, '', 28, 0),
(1005, 80, 24, 'A', 'a', 0.000000, 0.000000, '2016-02-23 07:18:41', 0, NULL, '', 28, 0),
(1006, 80, 39, 'B', 'b', 0.000000, 0.000000, '2016-02-23 07:19:08', 0, NULL, '', 28, 0),
(1007, 80, 42, 'C', 'c', 48.103004, 20.776421, '2016-02-23 07:19:38', 0, NULL, '', 28, 0),
(1008, 80, 41, 'D', 'd', 48.103004, 20.776421, '2016-02-23 07:20:08', 0, NULL, '', 28, 0),
(1009, 80, 36, '', '', 48.103004, 20.776421, '2016-02-23 07:21:22', 0, NULL, '', 28, 0),
(1010, 80, 39, '', '', 48.103008, 20.776447, '2016-02-23 07:21:53', 0, NULL, '', 28, 0),
(1011, 80, 36, '', '', 48.103008, 20.776447, '2016-02-23 07:22:22', 0, NULL, '', 28, 0),
(1012, 80, 0, 'Y', 'y', 0.000000, 0.000000, '2016-02-23 07:30:46', 0, NULL, '', 28, 0),
(1013, 80, 39, 'Y', 'y', 0.000000, 0.000000, '2016-02-23 07:31:27', 0, NULL, '', 28, 0),
(1014, 80, 36, 'D', 'd', 48.103077, 20.776396, '2016-02-23 07:32:02', 0, NULL, '', 28, 0),
(1015, 80, 24, 'F', 'z', 0.000000, 0.000000, '2016-02-23 07:40:46', 0, NULL, '', 28, 0),
(1016, 80, 39, '', '', 0.000000, 0.000000, '2016-02-23 07:41:13', 0, NULL, '', 28, 0),
(1017, 80, 30, '', '', 0.000000, 0.000000, '2016-02-23 07:41:43', 0, NULL, '', 28, 0),
(1018, 80, 33, '', '', 48.103058, 20.776436, '2016-02-23 07:42:13', 0, NULL, '', 28, 0),
(1019, 80, 36, 'Túl sok tinta.', 'Nyontató', 48.103054, 20.776440, '2016-02-23 07:48:03', 0, NULL, '', 28, 0),
(1020, 80, 24, 'Kabátok vannak rajta!', 'Oszlop', 48.103054, 20.776440, '2016-02-23 07:48:30', 0, NULL, '', 28, 0),
(1021, 80, 32, 'Víz mindenhol!', 'Víz', 48.103046, 20.776438, '2016-02-23 07:49:02', 0, NULL, '', 28, 0),
(1022, 80, 36, 'A', 'A', 48.102921, 20.776031, '2016-02-23 09:12:31', 0, NULL, '', 28, 0),
(1023, 80, 30, 'b', 'B', 48.102921, 20.776031, '2016-02-23 09:13:27', 0, NULL, '', 28, 0),
(1024, 80, 0, '', '', 48.102921, 20.776031, '2016-02-23 09:13:56', 0, NULL, '', 28, 0),
(1025, 80, 0, 'A', 'A', 48.102921, 20.776031, '2016-02-23 09:16:08', 0, NULL, '', 28, 0),
(1026, 80, 39, 'bbbs', 'Aas', 48.103020, 20.776379, '2016-02-23 09:46:10', 0, NULL, '', 28, 0),
(1027, 80, 36, 'Bbb', 'bbb', 48.103020, 20.776379, '2016-02-23 09:46:40', 0, NULL, '', 28, 0),
(1028, 80, 39, 'eeee', 'Ccc', 48.103020, 20.776379, '2016-02-23 09:47:12', 0, NULL, '', 28, 0),
(1029, 80, 36, 'Bbb', 'Aaa', 0.000000, 0.000000, '2016-02-23 09:56:06', 0, NULL, '', 28, 0),
(1030, 80, 43, 'Ddd', 'Ccc', 48.102997, 20.776421, '2016-02-23 09:56:32', 0, NULL, '', 28, 0),
(1031, 80, 36, 'Bb', 'Aaa', 0.000000, 0.000000, '2016-02-23 10:09:46', 0, NULL, '', 28, 0),
(1032, 80, 36, 'Dffdd', 'Rttr', 48.102913, 20.776056, '2016-02-23 10:13:18', 0, NULL, '', 28, 0),
(1033, 80, 39, 'sfggjk', 'eésfgg', 48.102913, 20.776056, '2016-02-23 10:13:48', 0, NULL, '', 28, 0),
(1034, 80, 43, 'khgde', 'fcccc', 48.102913, 20.776056, '2016-02-23 10:14:18', 0, NULL, '', 28, 0),
(1035, 80, 30, 'ssss', 'ffff', 48.102825, 20.776253, '2016-02-23 10:14:47', 0, NULL, '', 28, 0),
(1036, 80, 39, 'Dfff', 'eerr', 48.102898, 20.776369, '2016-02-23 12:09:44', 0, NULL, '', 28, 1),
(1037, 80, 24, '', '', 0.000000, 0.000000, '2016-02-23 12:49:38', 0, NULL, '', 28, 1),
(1038, 80, 36, 'Fff', 'fff', 48.103050, 20.776415, '2016-02-23 13:05:45', 0, NULL, '', 28, 1),
(1039, 80, 39, 'ff', 'a', 48.102924, 20.776045, '2016-02-23 13:23:19', 0, NULL, '', 28, 1),
(1040, 80, 36, 'zzzhh', 'ddff', 48.102924, 20.776045, '2016-02-23 13:23:46', 0, NULL, '', 28, 1),
(1041, 80, 38, 'gggg', 'ddd', 48.102924, 20.776045, '2016-02-23 13:24:19', 0, NULL, '', 28, 1),
(1042, 80, 39, 'tttrr', 'ffgf', 48.102940, 20.776003, '2016-02-23 13:24:46', 0, NULL, '', 28, 1),
(1043, 80, 28, 'Dttghhgffgvg', 'sfhfd', 48.102856, 20.776316, '2016-02-23 13:52:24', 0, NULL, '', 28, 1),
(1044, 80, 24, 'Fgvvhh', 'ffggg', 0.000000, 0.000000, '2016-02-23 13:52:54', 0, NULL, '', 28, 1),
(1045, 80, 43, 'Gyygvvvgg', 'dfggggg', 0.000000, 0.000000, '2016-02-23 14:01:41', 0, NULL, '', 28, 1),
(1046, 80, 24, '', '', 48.102863, 20.776333, '2016-02-23 14:01:57', 0, NULL, '', 28, 1),
(1047, 80, 24, '', '', 48.102917, 20.776093, '2016-02-23 14:02:27', 0, NULL, '', 28, 1),
(1048, 80, 24, 'Valami', '', 0.000000, 0.000000, '2016-03-17 13:48:34', 0, NULL, '', 28, 1),
(1049, 80, 36, 'Csúnya papír!', 'Holding', 48.102932, 20.776047, '2016-03-17 13:52:46', 0, NULL, '', 28, 1),
(1050, 80, 44, 'Túl sötét!', 'Miskolc', 48.102932, 20.776024, '2016-03-17 13:53:15', 0, NULL, '', 28, 1),
(1051, 80, 39, 'halálos', 'csúszda', 48.102932, 20.776024, '2016-03-17 13:53:42', 0, NULL, '', 28, 1),
(1052, 80, 24, 'Függ', 'Eee', 48.103294, 20.776136, '2016-03-21 08:14:38', 0, NULL, '', 28, 1),
(1053, 80, 37, 'Lesznek', 'Hullák', 48.103592, 20.775826, '2016-03-21 09:45:30', 0, NULL, '', 28, 1),
(1054, 80, 26, 'Hhhhh', 'Eeee', 48.102962, 20.776508, '2016-03-21 09:49:30', 0, NULL, '', 28, 1),
(1055, 80, 40, 'Nbhhh', 'Dddd', 48.102962, 20.776508, '2016-03-21 09:49:59', 0, NULL, '', 28, 1),
(1056, 80, 32, 'Vbghh', 'Ffff', 48.103107, 20.776566, '2016-03-21 09:50:30', 0, NULL, '', 28, 1),
(1057, 80, 41, 'Hhhh', 'Iii', 48.103390, 20.775850, '2016-03-21 09:51:00', 0, NULL, '', 28, 1),
(1058, 80, 34, 'Túl lett öntözve.', 'Holding', 48.102936, 20.776045, '2016-03-30 12:23:40', 0, NULL, '', 28, 1),
(1059, 80, 38, 'Kevés a kuka.', 'Valahol', 48.102772, 20.776438, '2016-03-30 12:59:24', 0, NULL, '', 28, 1),
(1060, 80, 24, 'BBN', 'AAA', 48.102772, 20.776438, '2016-03-30 13:05:32', 0, NULL, '', 28, 1),
(1061, 80, 39, 'FFF', 'EEE', 48.102943, 20.776049, '2016-03-30 13:29:34', 0, NULL, '', 28, 1),
(1062, 80, 43, 'AHA', 'AAA', 48.102943, 20.776049, '2016-03-30 13:30:35', 0, NULL, '', 28, 1),
(1063, 80, 35, 'BBN', 'AAA', 48.102749, 20.776447, '2016-03-31 12:23:44', 0, NULL, '', 28, 1),
(1064, 80, 43, 'DvF', 'DDD', 48.102749, 20.776447, '2016-03-31 12:24:15', 0, NULL, '', 28, 1),
(1065, 80, 24, 'gggg', 'ffff', 0.000000, 0.000000, '2016-04-05 06:36:27', 0, NULL, '', 28, 1),
(1066, 80, 38, '', '', 0.000000, 0.000000, '2016-04-05 06:36:57', 0, NULL, '', 28, 1),
(1067, 80, 24, '', '', 48.102947, 20.776035, '2016-04-05 06:37:27', 0, NULL, '', 28, 1),
(1068, 80, 24, '', '', 48.102947, 20.776035, '2016-04-05 06:38:27', 0, NULL, '', 28, 1),
(1069, 80, 14, 'b', '', 0.000000, 0.000000, '2016-04-21 09:51:52', 0, NULL, '', 28, 1),
(1070, 80, 14, 'b', 'a', 0.000000, 0.000000, '2016-04-21 09:54:15', 0, NULL, '', 28, 1),
(1071, 80, 14, 'b', 'a', 48.102943, 20.776487, '2016-04-21 09:59:14', 0, NULL, '', 28, 1),
(1072, 80, 14, '2', '1', 48.102943, 20.776487, '2016-04-21 09:59:44', 0, NULL, '', 28, 1),
(1073, 80, 17, '4', '3', 48.102943, 20.776491, '2016-04-21 10:01:17', 0, NULL, '', 28, 1),
(1074, 80, 18, '6', '5', 48.102947, 20.776482, '2016-04-21 10:05:16', 0, NULL, '', 28, 1),
(1075, 80, 18, 'fgf', 'eee', 48.102959, 20.776014, '2016-04-21 10:19:46', 0, NULL, '', 28, 1),
(1076, 80, 16, 'konyha', 'konyha', 0.000000, 0.000000, '2016-04-21 10:25:07', 0, NULL, '', 28, 1),
(1077, 80, 18, '1249', '1249', 48.102951, 20.776035, '2016-04-21 10:37:32', 0, NULL, '', 28, 1),
(1078, 80, 36, '1252', '1252', 48.102940, 20.776043, '2016-04-21 10:41:15', 0, NULL, '', 28, 1),
(1079, 80, 43, 'Túl világos', 'Ablak', 48.102951, 20.776009, '2016-04-21 10:48:21', 0, NULL, '', 28, 1);

-- --------------------------------------------------------

--
-- Tábla szerkezet: `sec_apps`
--

CREATE TABLE IF NOT EXISTS `sec_apps` (
  `app_name` varchar(128) NOT NULL,
  `app_type` varchar(255) DEFAULT NULL,
  `description` varchar(255) DEFAULT NULL,
  PRIMARY KEY (`app_name`)
) ENGINE=InnoDB DEFAULT CHARSET=utf8;

--
-- A tábla adatainak kiíratása `sec_apps`
--

INSERT INTO `sec_apps` (`app_name`, `app_type`, `description`) VALUES
('#@bejelentes_funkcio_01', '', NULL),
('#@sec_form_add_users', '', NULL),
('#@sec_Login', '', NULL),
('#@sec_menu', '', NULL),
('beallit_satatusz_frm', 'form', NULL),
('beallit_statusz_grd', 'cons', NULL),
('bejelentes_frm', 'form', NULL),
('bejelentes_funkcio', 'form', NULL),
('bejelentes_funkcio_01', 'form', NULL),
('bejelentes_grd', 'cons', NULL),
('bejelentes_grd2', 'cons', NULL),
('blank', 'blank', ''),
('email_teszt', 'form', NULL),
('feladat_kereso', 'cons', NULL),
('form_mobtick', 'form', NULL),
('grid_mobalkat', 'cons', NULL),
('grid_mobkat', 'cons', NULL),
('grid_mobtick', 'cons', ''),
('index.html', '', NULL),
('index.php', '', NULL),
('kategoria_al_frm', 'form', NULL),
('kategoria_al_grd', 'cons', NULL),
('kategoria_fo_frm', 'form', NULL),
('kategoria_fo_grd', 'cons', NULL),
('kodszotar_form', 'form', NULL),
('kodszotar_glob', 'form', NULL),
('kodszotar_grid', 'cons', NULL),
('kodszotar_mnu', '', NULL),
('login', 'contr', 'Login - Initial Application'),
('menu', 'menu', ''),
('menu_beallitasok', '', NULL),
('menu_bejelentes', '', NULL),
('menu_cimjegyzek', '', NULL),
('menu_feladat', '', NULL),
('menu_fomenu', '', NULL),
('menu_jelentes', '', NULL),
('menu_veszhelyzet', '', NULL),
('mobtick_form', 'form', ''),
('mobtick_grid', 'cons', ''),
('sc_terkep', 'blank', NULL),
('sec_change_pswd', 'contr', 'Security Application'),
('sec_form_add_users', 'form', 'Security Application'),
('sec_form_edit_users', 'form', 'Security Application'),
('sec_form_sec_apps', 'form', 'Security Application'),
('sec_form_sec_groups', 'form', 'Security Application'),
('sec_form_sec_groups_apps', 'form', 'Security Application'),
('sec_grid_sec_apps', 'cons', 'Security Application'),
('sec_grid_sec_groups', 'cons', 'Security Application'),
('sec_grid_sec_users', 'cons', 'Security Application'),
('sec_Login', 'contr', 'Security Application'),
('sec_menu', 'menu', 'Security Application'),
('sec_retrieve_pswd', 'contr', 'Security Application'),
('sec_search_sec_groups', 'filter', 'Security Application'),
('sec_sync_apps', 'contr', 'Security Application'),
('terkep-200', 'cons', NULL),
('terkep_11', 'cons', NULL),
('terkep_300', 'cons', NULL),
('terkep_650_01', 'cons', NULL),
('terkep_650_02', 'cons', NULL);

-- --------------------------------------------------------

--
-- Tábla szerkezet: `sec_groups`
--

CREATE TABLE IF NOT EXISTS `sec_groups` (
  `group_id` int(11) NOT NULL AUTO_INCREMENT,
  `description` varchar(64) DEFAULT NULL,
  PRIMARY KEY (`group_id`),
  UNIQUE KEY `description` (`description`)
) ENGINE=InnoDB  DEFAULT CHARSET=utf8 AUTO_INCREMENT=6 ;

--
-- A tábla adatainak kiíratása `sec_groups`
--

INSERT INTO `sec_groups` (`group_id`, `description`) VALUES
(1, 'Administrator'),
(3, 'Diszpécser'),
(5, 'Megfigyelő'),
(2, 'Moderátor'),
(4, 'Ügyintéző');

-- --------------------------------------------------------

--
-- Tábla szerkezet: `sec_groups_apps`
--

CREATE TABLE IF NOT EXISTS `sec_groups_apps` (
  `group_id` int(11) NOT NULL,
  `app_name` varchar(128) NOT NULL,
  `priv_access` varchar(1) DEFAULT NULL,
  `priv_insert` varchar(1) DEFAULT NULL,
  `priv_delete` varchar(1) DEFAULT NULL,
  `priv_update` varchar(1) DEFAULT NULL,
  `priv_export` varchar(1) DEFAULT NULL,
  `priv_print` varchar(1) DEFAULT NULL,
  PRIMARY KEY (`group_id`,`app_name`),
  KEY `sec_groups_apps_ibfk_2` (`app_name`)
) ENGINE=InnoDB DEFAULT CHARSET=utf8;

--
-- A tábla adatainak kiíratása `sec_groups_apps`
--

INSERT INTO `sec_groups_apps` (`group_id`, `app_name`, `priv_access`, `priv_insert`, `priv_delete`, `priv_update`, `priv_export`, `priv_print`) VALUES
(1, '#@bejelentes_funkcio_01', 'Y', '', '', '', '', ''),
(1, '#@sec_form_add_users', 'Y', '', '', '', '', ''),
(1, '#@sec_Login', 'Y', '', '', '', '', ''),
(1, '#@sec_menu', 'Y', '', '', '', '', ''),
(1, 'beallit_satatusz_frm', 'Y', 'Y', 'Y', 'Y', 'Y', 'Y'),
(1, 'beallit_statusz_grd', 'Y', '', '', '', 'Y', 'Y'),
(1, 'bejelentes_frm', 'Y', 'Y', 'Y', 'Y', 'Y', 'Y'),
(1, 'bejelentes_funkcio', 'Y', 'Y', 'Y', 'Y', 'Y', 'Y'),
(1, 'bejelentes_funkcio_01', 'Y', 'Y', 'Y', 'Y', 'Y', 'Y'),
(1, 'bejelentes_grd', 'Y', '', '', '', 'Y', 'Y'),
(1, 'bejelentes_grd2', 'Y', '', '', '', 'Y', 'Y'),
(1, 'feladat_kereso', 'Y', '', '', '', 'Y', 'Y'),
(1, 'form_mobtick', 'Y', 'Y', 'Y', 'Y', 'Y', 'Y'),
(1, 'index.php', 'Y', '', '', '', '', ''),
(1, 'menu_bejelentes', 'Y', '', '', '', '', ''),
(1, 'menu_cimjegyzek', 'Y', '', '', '', '', ''),
(1, 'menu_feladat', 'Y', '', '', '', '', ''),
(1, 'menu_jelentes', 'Y', '', '', '', '', ''),
(1, 'menu_veszhelyzet', 'Y', '', '', '', '', ''),
(1, 'sc_terkep', 'Y', '', '', '', '', ''),
(1, 'terkep-200', 'Y', '', '', '', 'Y', 'Y'),
(1, 'terkep_11', 'Y', '', '', '', 'Y', 'Y'),
(1, 'terkep_300', 'Y', '', '', '', 'Y', 'Y'),
(1, 'terkep_650_01', 'Y', '', '', '', 'Y', 'Y'),
(1, 'terkep_650_02', 'Y', '', '', '', 'Y', 'Y'),
(2, '#@bejelentes_funkcio_01', NULL, NULL, NULL, NULL, NULL, NULL),
(2, '#@sec_form_add_users', NULL, NULL, NULL, NULL, NULL, NULL),
(2, '#@sec_Login', NULL, NULL, NULL, NULL, NULL, NULL),
(2, '#@sec_menu', NULL, NULL, NULL, NULL, NULL, NULL),
(2, 'beallit_satatusz_frm', NULL, NULL, NULL, NULL, NULL, NULL),
(2, 'beallit_statusz_grd', NULL, NULL, NULL, NULL, NULL, NULL),
(2, 'bejelentes_frm', NULL, NULL, NULL, NULL, NULL, NULL),
(2, 'bejelentes_funkcio', NULL, NULL, NULL, NULL, NULL, NULL),
(2, 'bejelentes_funkcio_01', NULL, NULL, NULL, NULL, NULL, NULL),
(2, 'bejelentes_grd', NULL, NULL, NULL, NULL, NULL, NULL),
(2, 'bejelentes_grd2', NULL, NULL, NULL, NULL, NULL, NULL),
(2, 'feladat_kereso', NULL, NULL, NULL, NULL, NULL, NULL),
(2, 'form_mobtick', NULL, NULL, NULL, NULL, NULL, NULL),
(2, 'index.php', NULL, NULL, NULL, NULL, NULL, NULL),
(2, 'menu_bejelentes', 'Y', '', '', '', '', ''),
(2, 'menu_cimjegyzek', 'Y', '', '', '', '', ''),
(2, 'menu_feladat', 'Y', '', '', '', '', ''),
(2, 'menu_jelentes', 'Y', '', '', '', '', ''),
(2, 'menu_veszhelyzet', NULL, NULL, NULL, NULL, NULL, NULL),
(2, 'sc_terkep', NULL, NULL, NULL, NULL, NULL, NULL),
(2, 'terkep-200', NULL, NULL, NULL, NULL, NULL, NULL),
(2, 'terkep_11', NULL, NULL, NULL, NULL, NULL, NULL),
(2, 'terkep_300', NULL, NULL, NULL, NULL, NULL, NULL),
(2, 'terkep_650_01', NULL, NULL, NULL, NULL, NULL, NULL),
(2, 'terkep_650_02', NULL, NULL, NULL, NULL, NULL, NULL),
(3, '#@bejelentes_funkcio_01', NULL, NULL, NULL, NULL, NULL, NULL),
(3, '#@sec_form_add_users', NULL, NULL, NULL, NULL, NULL, NULL),
(3, '#@sec_Login', NULL, NULL, NULL, NULL, NULL, NULL),
(3, '#@sec_menu', NULL, NULL, NULL, NULL, NULL, NULL),
(3, 'beallit_satatusz_frm', NULL, NULL, NULL, NULL, NULL, NULL),
(3, 'beallit_statusz_grd', NULL, NULL, NULL, NULL, NULL, NULL),
(3, 'bejelentes_frm', NULL, NULL, NULL, NULL, NULL, NULL),
(3, 'bejelentes_funkcio', NULL, NULL, NULL, NULL, NULL, NULL),
(3, 'bejelentes_funkcio_01', NULL, NULL, NULL, NULL, NULL, NULL),
(3, 'bejelentes_grd', NULL, NULL, NULL, NULL, NULL, NULL),
(3, 'bejelentes_grd2', NULL, NULL, NULL, NULL, NULL, NULL),
(3, 'feladat_kereso', NULL, NULL, NULL, NULL, NULL, NULL),
(3, 'form_mobtick', NULL, NULL, NULL, NULL, NULL, NULL),
(3, 'index.php', NULL, NULL, NULL, NULL, NULL, NULL),
(3, 'menu_bejelentes', 'Y', '', '', '', '', ''),
(3, 'menu_cimjegyzek', 'Y', '', '', '', '', ''),
(3, 'menu_feladat', 'Y', '', '', '', '', ''),
(3, 'menu_jelentes', 'Y', '', '', '', '', ''),
(3, 'menu_veszhelyzet', NULL, NULL, NULL, NULL, NULL, NULL),
(3, 'sc_terkep', NULL, NULL, NULL, NULL, NULL, NULL),
(3, 'terkep-200', 'Y', '', '', '', 'Y', 'Y'),
(3, 'terkep_11', 'Y', '', '', '', 'Y', 'Y'),
(3, 'terkep_300', 'Y', '', '', '', 'Y', 'Y'),
(3, 'terkep_650_01', 'Y', '', '', '', 'Y', 'Y'),
(3, 'terkep_650_02', 'Y', '', '', '', 'Y', 'Y'),
(4, '#@bejelentes_funkcio_01', NULL, NULL, NULL, NULL, NULL, NULL),
(4, '#@sec_form_add_users', NULL, NULL, NULL, NULL, NULL, NULL),
(4, '#@sec_Login', NULL, NULL, NULL, NULL, NULL, NULL),
(4, '#@sec_menu', NULL, NULL, NULL, NULL, NULL, NULL),
(4, 'beallit_satatusz_frm', 'Y', 'Y', 'Y', 'Y', 'Y', 'Y'),
(4, 'beallit_statusz_grd', 'Y', '', '', '', 'Y', 'Y'),
(4, 'bejelentes_frm', 'Y', 'Y', 'Y', 'Y', 'Y', 'Y'),
(4, 'bejelentes_funkcio', 'Y', 'Y', 'Y', 'Y', 'Y', 'Y'),
(4, 'bejelentes_funkcio_01', 'Y', 'Y', 'Y', 'Y', 'Y', 'Y'),
(4, 'bejelentes_grd', 'Y', '', '', '', 'Y', 'Y'),
(4, 'bejelentes_grd2', NULL, NULL, NULL, NULL, NULL, NULL),
(4, 'feladat_kereso', 'Y', '', '', '', 'Y', 'Y'),
(4, 'form_mobtick', 'Y', 'Y', 'Y', 'Y', 'Y', 'Y'),
(4, 'index.php', 'Y', '', '', '', '', ''),
(4, 'menu_bejelentes', 'Y', '', '', '', '', ''),
(4, 'menu_cimjegyzek', 'Y', '', '', '', '', ''),
(4, 'menu_feladat', 'Y', '', '', '', '', ''),
(4, 'menu_jelentes', 'Y', '', '', '', '', ''),
(4, 'menu_veszhelyzet', NULL, NULL, NULL, NULL, NULL, NULL),
(4, 'sc_terkep', NULL, NULL, NULL, NULL, NULL, NULL),
(4, 'terkep-200', NULL, NULL, NULL, NULL, NULL, NULL),
(4, 'terkep_11', NULL, NULL, NULL, NULL, NULL, NULL),
(4, 'terkep_300', NULL, NULL, NULL, NULL, NULL, NULL),
(4, 'terkep_650_01', NULL, NULL, NULL, NULL, NULL, NULL),
(4, 'terkep_650_02', NULL, NULL, NULL, NULL, NULL, NULL),
(5, '#@bejelentes_funkcio_01', NULL, NULL, NULL, NULL, NULL, NULL),
(5, '#@sec_form_add_users', NULL, NULL, NULL, NULL, NULL, NULL),
(5, '#@sec_Login', NULL, NULL, NULL, NULL, NULL, NULL),
(5, '#@sec_menu', NULL, NULL, NULL, NULL, NULL, NULL),
(5, 'beallit_satatusz_frm', NULL, NULL, NULL, NULL, NULL, NULL),
(5, 'beallit_statusz_grd', NULL, NULL, NULL, NULL, NULL, NULL),
(5, 'bejelentes_frm', NULL, NULL, NULL, NULL, NULL, NULL),
(5, 'bejelentes_funkcio', NULL, NULL, NULL, NULL, NULL, NULL),
(5, 'bejelentes_funkcio_01', NULL, NULL, NULL, NULL, NULL, NULL),
(5, 'bejelentes_grd', NULL, NULL, NULL, NULL, NULL, NULL),
(5, 'bejelentes_grd2', NULL, NULL, NULL, NULL, NULL, NULL),
(5, 'feladat_kereso', NULL, NULL, NULL, NULL, NULL, NULL),
(5, 'form_mobtick', NULL, NULL, NULL, NULL, NULL, NULL),
(5, 'index.php', NULL, NULL, NULL, NULL, NULL, NULL),
(5, 'menu_bejelentes', 'Y', '', '', '', '', ''),
(5, 'menu_cimjegyzek', 'Y', '', '', '', '', ''),
(5, 'menu_feladat', 'Y', '', '', '', '', ''),
(5, 'menu_jelentes', 'Y', '', '', '', '', ''),
(5, 'menu_veszhelyzet', NULL, NULL, NULL, NULL, NULL, NULL),
(5, 'sc_terkep', NULL, NULL, NULL, NULL, NULL, NULL),
(5, 'terkep-200', NULL, NULL, NULL, NULL, NULL, NULL),
(5, 'terkep_11', NULL, NULL, NULL, NULL, NULL, NULL),
(5, 'terkep_300', NULL, NULL, NULL, NULL, NULL, NULL),
(5, 'terkep_650_01', NULL, NULL, NULL, NULL, NULL, NULL),
(5, 'terkep_650_02', NULL, NULL, NULL, NULL, NULL, NULL);

-- --------------------------------------------------------

--
-- Tábla szerkezet: `sec_users`
--

CREATE TABLE IF NOT EXISTS `sec_users` (
  `login` varchar(32) NOT NULL,
  `pswd` varchar(32) NOT NULL,
  `name` varchar(64) DEFAULT NULL,
  `email` varchar(64) DEFAULT NULL,
  `active` varchar(1) DEFAULT NULL,
  `activation_code` varchar(32) DEFAULT NULL,
  `priv_admin` varchar(1) DEFAULT NULL,
  PRIMARY KEY (`login`)
) ENGINE=InnoDB DEFAULT CHARSET=utf8;

--
-- A tábla adatainak kiíratása `sec_users`
--

INSERT INTO `sec_users` (`login`, `pswd`, `name`, `email`, `active`, `activation_code`, `priv_admin`) VALUES
('admin', '8bf66679260a20fc0ccce46fbd92dda9', 'Admin', 'admin@admin.com', 'Y', '', 'Y');

-- --------------------------------------------------------

--
-- Tábla szerkezet: `sec_users_groups`
--

CREATE TABLE IF NOT EXISTS `sec_users_groups` (
  `login` varchar(32) NOT NULL,
  `group_id` int(11) NOT NULL,
  PRIMARY KEY (`login`,`group_id`),
  KEY `sec_users_groups_ibfk_2` (`group_id`)
) ENGINE=InnoDB DEFAULT CHARSET=utf8;

--
-- A tábla adatainak kiíratása `sec_users_groups`
--

INSERT INTO `sec_users_groups` (`login`, `group_id`) VALUES
('admin', 1),
('admin', 5);

--
-- Megkötések a kiírt táblákhoz
--

--
-- Megkötések a táblához `mob_tickets`
--
ALTER TABLE `mob_tickets`
  ADD CONSTRAINT `mob_tickets_ibfk_1` FOREIGN KEY (`ownerid`) REFERENCES `mob_owners` (`id`);

--
-- Megkötések a táblához `sec_groups_apps`
--
ALTER TABLE `sec_groups_apps`
  ADD CONSTRAINT `sec_groups_apps_ibfk_1` FOREIGN KEY (`group_id`) REFERENCES `sec_groups` (`group_id`) ON DELETE CASCADE,
  ADD CONSTRAINT `sec_groups_apps_ibfk_2` FOREIGN KEY (`app_name`) REFERENCES `sec_apps` (`app_name`) ON DELETE CASCADE;

--
-- Megkötések a táblához `sec_users_groups`
--
ALTER TABLE `sec_users_groups`
  ADD CONSTRAINT `sec_users_groups_ibfk_1` FOREIGN KEY (`login`) REFERENCES `sec_users` (`login`) ON DELETE CASCADE,
  ADD CONSTRAINT `sec_users_groups_ibfk_2` FOREIGN KEY (`group_id`) REFERENCES `sec_groups` (`group_id`) ON DELETE CASCADE;

/*!40101 SET CHARACTER_SET_CLIENT=@OLD_CHARACTER_SET_CLIENT */;
/*!40101 SET CHARACTER_SET_RESULTS=@OLD_CHARACTER_SET_RESULTS */;
/*!40101 SET COLLATION_CONNECTION=@OLD_COLLATION_CONNECTION */;
